<mets xmlns="http://www.loc.gov/METS/" xmlns:xlink="http://www.w3.org/1999/xlink">
  <fileSec>
    
    <fileGrp USE="image">
      
        <file ID="image1">
          <FLocat xlink:href="31_bd17c_default.jpg"/>
        </file>
      
        <file ID="image2">
          <FLocat xlink:href="32_439c1_default.jpg"/>
        </file>
      
        <file ID="image3">
          <FLocat xlink:href="33_44555_default.jpg"/>
        </file>
      
        <file ID="image4">
          <FLocat xlink:href="34_41bdb_default.jpg"/>
        </file>
      
        <file ID="image5">
          <FLocat xlink:href="35_50ca6_default.jpg"/>
        </file>
      
        <file ID="image6">
          <FLocat xlink:href="36_55134_default.jpg"/>
        </file>
      
        <file ID="image7">
          <FLocat xlink:href="37_c2fd6_default.jpg"/>
        </file>
      
        <file ID="image8">
          <FLocat xlink:href="38_8900d_default.jpg"/>
        </file>
      
        <file ID="image9">
          <FLocat xlink:href="39_8872d_default.jpg"/>
        </file>
      
    </fileGrp>
    
    <fileGrp USE="export">
      
        <file ID="export1">
          <FLocat xlink:href="31_bd17c_default.xml"/>
        </file>
      
        <file ID="export2">
          <FLocat xlink:href="32_439c1_default.xml"/>
        </file>
      
        <file ID="export3">
          <FLocat xlink:href="33_44555_default.xml"/>
        </file>
      
        <file ID="export4">
          <FLocat xlink:href="34_41bdb_default.xml"/>
        </file>
      
        <file ID="export5">
          <FLocat xlink:href="35_50ca6_default.xml"/>
        </file>
      
        <file ID="export6">
          <FLocat xlink:href="36_55134_default.xml"/>
        </file>
      
        <file ID="export7">
          <FLocat xlink:href="37_c2fd6_default.xml"/>
        </file>
      
        <file ID="export8">
          <FLocat xlink:href="38_8900d_default.xml"/>
        </file>
      
        <file ID="export9">
          <FLocat xlink:href="39_8872d_default.xml"/>
        </file>
      
    </fileGrp>
  </fileSec>
  <structMap TYPE="physical">
    <div TYPE="document">
      
      <div TYPE="page">
        <fptr FILEID="image1"/>
        <fptr FILEID="export1"/>
      </div>
      
      <div TYPE="page">
        <fptr FILEID="image2"/>
        <fptr FILEID="export2"/>
      </div>
      
      <div TYPE="page">
        <fptr FILEID="image3"/>
        <fptr FILEID="export3"/>
      </div>
      
      <div TYPE="page">
        <fptr FILEID="image4"/>
        <fptr FILEID="export4"/>
      </div>
      
      <div TYPE="page">
        <fptr FILEID="image5"/>
        <fptr FILEID="export5"/>
      </div>
      
      <div TYPE="page">
        <fptr FILEID="image6"/>
        <fptr FILEID="export6"/>
      </div>
      
      <div TYPE="page">
        <fptr FILEID="image7"/>
        <fptr FILEID="export7"/>
      </div>
      
      <div TYPE="page">
        <fptr FILEID="image8"/>
        <fptr FILEID="export8"/>
      </div>
      
      <div TYPE="page">
        <fptr FILEID="image9"/>
        <fptr FILEID="export9"/>
      </div>
      
    </div>
  </structMap>
</mets>
