<mets xmlns="http://www.loc.gov/METS/" xmlns:xlink="http://www.w3.org/1999/xlink">
  <fileSec>
    
    <fileGrp USE="image">
      
        <file ID="image1">
          <FLocat xlink:href="31_bd17c_default.jpg"/>
        </file>
      
        <file ID="image2">
          <FLocat xlink:href="32_439c1_default.jpg"/>
        </file>
      
        <file ID="image3">
          <FLocat xlink:href="33_44555_default.jpg"/>
        </file>
      
        <file ID="image4">
          <FLocat xlink:href="34_41bdb_default.jpg"/>
        </file>
      
        <file ID="image5">
          <FLocat xlink:href="35_50ca6_default.jpg"/>
        </file>
      
        <file ID="image6">
          <FLocat xlink:href="36_55134_default.jpg"/>
        </file>
      
        <file ID="image7">
          <FLocat xlink:href="37_c2fd6_default.jpg"/>
        </file>
      
        <file ID="image8">
          <FLocat xlink:href="38_8900d_default.jpg"/>
        </file>
      
        <file ID="image9">
          <FLocat xlink:href="39_8872d_default.jpg"/>
        </file>
      
      <file ID="image10">
        <FLocat xlink:href="75_8604b_default.jpg"/>
      </file>
      
      <file ID="image11">
        <FLocat xlink:href="76_7d475_default.jpg"/>
      </file>
      
      <file ID="image12">
        <FLocat xlink:href="77_39d63_default.jpg"/>
      </file>
      
      <file ID="image13">
        <FLocat xlink:href="78_e4a32_default.jpg"/>
      </file>
      
      <file ID="image14">
        <FLocat xlink:href="79_3c803_default.jpg"/>
      </file>
      
      <file ID="image15">
        <FLocat xlink:href="80_fad89_default.jpg"/>
      </file>
      
      <file ID="image16">
        <FLocat xlink:href="81_e1dad_default.jpg"/>
      </file>
      
      <file ID="image17">
        <FLocat xlink:href="82_81a11_default.jpg"/>
      </file>
      
      <file ID="image18">
        <FLocat xlink:href="83_22024_default.jpg"/>
      </file>
      
    </fileGrp>
    
    <fileGrp USE="export">
      
        <file ID="export1">
          <FLocat xlink:href="31_bd17c_default.xml"/>
        </file>
      
        <file ID="export2">
          <FLocat xlink:href="32_439c1_default.xml"/>
        </file>
      
        <file ID="export3">
          <FLocat xlink:href="33_44555_default.xml"/>
        </file>
      
        <file ID="export4">
          <FLocat xlink:href="34_41bdb_default.xml"/>
        </file>
      
        <file ID="export5">
          <FLocat xlink:href="35_50ca6_default.xml"/>
        </file>
      
        <file ID="export6">
          <FLocat xlink:href="36_55134_default.xml"/>
        </file>
      
        <file ID="export7">
          <FLocat xlink:href="37_c2fd6_default.xml"/>
        </file>
      
        <file ID="export8">
          <FLocat xlink:href="38_8900d_default.xml"/>
        </file>
      
        <file ID="export9">
          <FLocat xlink:href="39_8872d_default.xml"/>
        </file>
      
      <file ID="export10">
        <FLocat xlink:href="75_8604b_default.xml"/>
      </file>
      
      <file ID="export11">
        <FLocat xlink:href="76_7d475_default.xml"/>
      </file>
      
      <file ID="export12">
        <FLocat xlink:href="77_39d63_default.xml"/>
      </file>
      
      <file ID="export13">
        <FLocat xlink:href="78_e4a32_default.xml"/>
      </file>
      
      <file ID="export14">
        <FLocat xlink:href="79_3c803_default.xml"/>
      </file>
      
      <file ID="export15">
        <FLocat xlink:href="80_fad89_default.xml"/>
      </file>
      
      <file ID="export16">
        <FLocat xlink:href="81_e1dad_default.xml"/>
      </file>
      
      <file ID="export17">
        <FLocat xlink:href="82_81a11_default.xml"/>
      </file>
      
      <file ID="export18">
        <FLocat xlink:href="83_22024_default.xml"/>
      </file>
      
    </fileGrp>
  </fileSec>
  <structMap TYPE="physical">
    <div TYPE="document">
      
      <div TYPE="page">
        <fptr FILEID="image1"/>
        <fptr FILEID="export1"/>
      </div>
      
      <div TYPE="page">
        <fptr FILEID="image2"/>
        <fptr FILEID="export2"/>
      </div>
      
      <div TYPE="page">
        <fptr FILEID="image3"/>
        <fptr FILEID="export3"/>
      </div>
      
      <div TYPE="page">
        <fptr FILEID="image4"/>
        <fptr FILEID="export4"/>
      </div>
      
      <div TYPE="page">
        <fptr FILEID="image5"/>
        <fptr FILEID="export5"/>
      </div>
      
      <div TYPE="page">
        <fptr FILEID="image6"/>
        <fptr FILEID="export6"/>
      </div>
      
      <div TYPE="page">
        <fptr FILEID="image7"/>
        <fptr FILEID="export7"/>
      </div>
      
      <div TYPE="page">
        <fptr FILEID="image8"/>
        <fptr FILEID="export8"/>
      </div>
      
      <div TYPE="page">
        <fptr FILEID="image9"/>
        <fptr FILEID="export9"/>
      </div>
      
      <div TYPE="page">
        <fptr FILEID="image10"/>
        <fptr FILEID="export10"/>
      </div>
      
      <div TYPE="page">
        <fptr FILEID="image11"/>
        <fptr FILEID="export11"/>
      </div>
      
      <div TYPE="page">
        <fptr FILEID="image12"/>
        <fptr FILEID="export12"/>
      </div>
      
      <div TYPE="page">
        <fptr FILEID="image13"/>
        <fptr FILEID="export13"/>
      </div>
      
      <div TYPE="page">
        <fptr FILEID="image14"/>
        <fptr FILEID="export14"/>
      </div>
      
      <div TYPE="page">
        <fptr FILEID="image15"/>
        <fptr FILEID="export15"/>
      </div>
      
      <div TYPE="page">
        <fptr FILEID="image16"/>
        <fptr FILEID="export16"/>
      </div>
      
      <div TYPE="page">
        <fptr FILEID="image17"/>
        <fptr FILEID="export17"/>
      </div>
      
      <div TYPE="page">
        <fptr FILEID="image18"/>
        <fptr FILEID="export18"/>
      </div>
      
    </div>
  </structMap>
</mets>
