<?xml version="1.0" encoding="UTF-8"  standalone="yes"?>
<PcGts xmlns="http://schema.primaresearch.org/PAGE/gts/pagecontent/2019-07-15" xmlns:xsi="http://www.w3.org/2001/XMLSchema-instance" xsi:schemaLocation="http://schema.primaresearch.org/PAGE/gts/pagecontent/2019-07-15 http://schema.primaresearch.org/PAGE/gts/pagecontent/2019-07-15/pagecontent.xsd">
  <Metadata externalRef="mets//export_doc1_ber1832_pagexml_202409241745.zip/47_3fcd7_default.jpg">
	<Creator>escriptorium</Creator>
	<Created>2024-10-14T13:31:07.017261+00:00</Created>
        <LastChange>2024-11-28T12:36:53.112063+00:00</LastChange>
  </Metadata>
  <Page imageFilename="47_3fcd7_default.jpg" imageWidth="2989" imageHeight="3561">
    <TextRegion id="eSc_textblock_b1022b5a"  custom="structure {type:MarginTextZone:upper;}">
      <Coords points="50,65 50,385 2481,385 2927,385 2927,65"/>
      <TextLine id="eSc_line_92ca0eda" custom="structure {type:MarginalLine:gloss;}">
        <Coords points="747,261 807,261 807,222 798,175 745,183 747,225"/>
        <Baseline points="748,226 809,225"/>
        <TextEquiv>
          <Unicode>sole</Unicode>
        </TextEquiv>
      </TextLine>
    </TextRegion>
    <TextRegion id="eSc_textblock_e6f95b13"  custom="structure {type:MarginTextZone:outer;}">
      <Coords points="29,400 62,2935 627,2931 631,396"/>
      <TextLine id="eSc_line_7e9ab165" custom="structure {type:MarginalLine:gloss;}">
        <Coords points="513,397 486,397 489,421 489,439 560,442 560,409 558,397 543,397"/>
        <Baseline points="490,422 517,409 562,410"/>
        <TextEquiv>
          <Unicode>ab eo</Unicode>
        </TextEquiv>
      </TextLine>
      <TextLine id="eSc_line_f81ce79d" custom="structure {type:MarginalLine:gloss;}">
        <Coords points="315,777 204,769 199,817 201,845 564,836 564,817 562,785"/>
        <Baseline points="199,817 564,817"/>
        <TextEquiv>
          <Unicode>Qd papa siluester</Unicode>
        </TextEquiv>
      </TextLine>
      <TextLine id="eSc_line_ecbed957" >
        <Coords points="477,720 506,715 541,714 540,686 518,684 477,692"/>
        <Baseline points="477,710 541,700"/>
        <TextEquiv>
          <Unicode>abeo</Unicode>
        </TextEquiv>
      </TextLine>
      <TextLine id="eSc_line_b6d33ac0" custom="structure {type:MarginalLine:gloss;}">
        <Coords points="55,890 55,908 540,900 538,874 540,845 75,846 53,878"/>
        <Baseline points="55,890 538,874"/>
        <TextEquiv>
          <Unicode>Uaco tͥ. Ntclericoꝝ ꝓpositũ.</Unicode>
        </TextEquiv>
      </TextLine>
      <TextLine id="eSc_line_a9e0500b" custom="structure {type:MarginalLine:gloss;}">
        <Coords points="299,1017 302,1003 305,966 242,968 240,1000 237,1017"/>
        <Baseline points="242,1002 304,1004"/>
        <TextEquiv conf="0.9337740391492844">
          <Unicode>unde</Unicode>
        </TextEquiv>
      </TextLine>
      <TextLine id="eSc_line_ca6e6f55" custom="structure {type:MarginalLine:gloss;}">
        <Coords points="223,1072 482,1068 482,1036 479,1003 436,1003 353,1006 223,1015 223,1042"/>
        <Baseline points="223,1042 482,1036"/>
        <TextEquiv>
          <Unicode>dies dñica</Unicode>
        </TextEquiv>
      </TextLine>
      <TextLine id="eSc_line_4769f905" custom="structure {type:MarginalLine:gloss;}">
        <Coords points="104,1276 104,1293 687,1290 688,1222 106,1228"/>
        <Baseline points="104,1276 429,1264 686,1266"/>
        <TextEquiv>
          <Unicode>kłde . none iđ . fr̃ȩ. scđm regł sẽꝑ płr.</Unicode>
        </TextEquiv>
      </TextLine>
      <TextLine id="eSc_line_0f2da07d" custom="structure {type:InterlinearLine:signe_de_renvoi;}">
        <Coords points="241,2106 290,2105 291,2168 241,2169"/>
        <Baseline points="241,2144 291,2143"/>
        <TextEquiv>
          <Unicode></Unicode>
        </TextEquiv>
      </TextLine>
      <TextLine id="eSc_line_3c085e6a" >
        <Coords points="287,2089 290,2142 290,2175 664,2160 667,2133 661,2089 578,2071 575,2071 572,2071 528,2083 510,2089 287,2080 287,2089"/>
        <Baseline points="292,2143 669,2134"/>
        <TextEquiv>
          <Unicode>s. in quantũ ad uii  ebdomades</Unicode>
        </TextEquiv>
      </TextLine>
      <TextLine id="eSc_line_b2aff02a" custom="structure {type:InterlinearLine:gloss;}">
        <Coords points="290,2204 639,2188 641,2170 635,2148 292,2161 290,2184"/>
        <Baseline points="290,2184 641,2170"/>
        <TextEquiv>
          <Unicode>annus ꝓ una die ponitur. In</Unicode>
        </TextEquiv>
      </TextLine>
      <TextLine id="eSc_line_302ac04c" custom="structure {type:InterlinearLine:gloss;}">
        <Coords points="292,2243 637,2221 637,2207 638,2185 288,2204 292,2221"/>
        <Baseline points="292,2221 637,2207"/>
        <TextEquiv conf="0.9824412826980863">
          <Unicode>quantũ uͦ ad uña ebdomadã</Unicode>
        </TextEquiv>
      </TextLine>
      <TextLine id="eSc_line_678b7c7c" custom="structure {type:InterlinearLine:gloss;}">
        <Coords points="278,2282 651,2268 653,2251 647,2226 411,2238 276,2247 275,2263"/>
        <Baseline points="279,2260 653,2251"/>
        <TextEquiv>
          <Unicode>uii anni ꝓ una die ponuntur.</Unicode>
        </TextEquiv>
      </TextLine>
    </TextRegion>
    <TextRegion id="eSc_textblock_16952f2e"  custom="structure {type:MainZone;}">
      <Coords points="637,402 637,2937 2786,2937 2786,402"/>
      <TextLine id="eSc_line_26641384" custom="structure {type:InterlinearLine:gloss;}">
        <Coords points="728,415 728,439 728,458 766,453 766,439 766,411 748,411"/>
        <Baseline points="728,439 766,439"/>
        <TextEquiv>
          <Unicode>sole</Unicode>
        </TextEquiv>
      </TextLine>
      <TextLine id="eSc_line_be5933f1" custom="structure {type:InterlinearLine:gloss;}">
        <Coords points="1365,403 1335,403 1306,403 1276,403 1246,403 1216,403 1187,403 1187,445 1184,471 1421,471 1424,451 1418,403 1395,403"/>
        <Baseline points="1190,447 1427,452"/>
        <TextEquiv>
          <Unicode>separatior . longior.</Unicode>
        </TextEquiv>
      </TextLine>
      <TextLine id="eSc_line_aa79ccd6" custom="structure {type:InterlinearLine:gloss;}">
        <Coords points="2626,436 2626,453 2627,464 2795,468 2791,455 2793,431 2693,436"/>
        <Baseline points="2626,453 2791,455"/>
        <TextEquiv>
          <Unicode>s. ipsũ cõplet</Unicode>
        </TextEquiv>
      </TextLine>
      <TextLine id="eSc_line_20ffe7be" custom="structure {type:default;}">
        <Coords points="2353,449 1905,454 1712,443 1677,447 1622,457 1522,454 1472,457 1443,472 1213,470 1185,467 1177,448 1145,458 998,447 723,450 724,480 722,500 1058,505 1217,504 1221,504 1310,506 1314,506 1340,506 1864,520 1866,522 2106,522 2106,520 2108,520 2125,512 2129,510 2163,512 2276,522 2278,522 2777,516 2779,494 2780,467"/>
        <Baseline points="724,480 1708,494 2779,494"/>
        <TextEquiv>
          <Unicode>ab eo xx duabus partib. remotior ; Nouissima luna xxuu diebus &amp; uiii horis signiferũ conficiens;</Unicode>
        </TextEquiv>
      </TextLine>
      <TextLine id="eSc_line_9822816f" custom="structure {type:InterlinearLine:gloss;}">
        <Coords points="1820,554 1986,545 1993,534 1984,518 1820,526 1821,540"/>
        <Baseline points="1821,540 1991,533"/>
        <TextEquiv>
          <Unicode>subiuncta</Unicode>
        </TextEquiv>
      </TextLine>
      <TextLine id="eSc_line_dff0afde" custom="structure {type:default;}">
        <Coords points="1954,541 1933,558 1608,548 1552,530 1499,534 1463,547 1391,546 1369,533 1331,538 1165,541 1137,527 1088,529 824,530 651,508 651,557 646,588 836,596 1486,605 1488,605 1549,593 1623,603 1625,603 1700,593 1815,609 1817,609 1945,603 1975,615 1977,615 1979,615 1981,615 2032,599 2110,617 2112,617 2294,599 2341,615 2345,615 2347,615 2349,615 2363,613 2442,597 2551,603 2717,613 2719,613 2721,613 2775,591 2777,583 2777,551 2488,532 2486,532 2430,544 2401,549 2294,542 2228,536 2226,536 2203,540 2169,544 2129,559 2118,530 2116,530 2114,530 2112,530 2091,566 2073,562 1985,561 1962,554"/>
        <Baseline points="651,557 1888,583 2777,583"/>
        <TextEquiv>
          <Unicode>Haec igitur erat stultitia gentilium falsa ratiocinatione subnixa. qͥ quasi iure primã diem soli quia</Unicode>
        </TextEquiv>
      </TextLine>
      <TextLine id="eSc_line_294b9ded" custom="structure {type:InterlinearLine:gloss;}">
        <Coords points="2502,584 2472,584 2442,584 2413,584 2413,614 2410,635 2469,632 2537,631 2540,617 2537,584 2531,584"/>
        <Baseline points="2416,617 2543,620"/>
        <TextEquiv>
          <Unicode>i. deinde</Unicode>
        </TextEquiv>
      </TextLine>
      <TextLine id="eSc_line_00546ffb" custom="structure {type:InterlinearLine:gloss;}">
        <Coords points="2736,584 2704,584 2674,584 2644,584 2615,584 2606,584 2585,584 2591,626 2591,649 2899,632 2899,602 2894,569 2837,557 2834,557 2769,563 2766,584"/>
        <Baseline points="2593,629 2736,620 2900,604"/>
        <TextEquiv>
          <Unicode>i. uersa uice p̃ponebant</Unicode>
        </TextEquiv>
      </TextLine>
      <TextLine id="eSc_line_6fb2d790" custom="structure {type:default;}">
        <Coords points="2715,623 2698,638 2674,635 2577,649 2562,622 2546,647 2431,644 2389,609 2387,643 2275,642 2262,621 2248,623 2231,642 2178,643 2068,640 2032,643 2017,615 2006,633 1990,639 1924,642 1916,611 1903,625 1884,625 1859,628 1835,643 1769,641 1672,637 1662,611 1642,601 1640,601 1639,601 1637,601 1603,611 1562,631 1452,630 1396,633 1365,621 1322,618 1263,621 1231,613 1203,599 1201,599 1199,599 1163,611 1150,617 1126,626 1083,624 1058,624 992,626 973,597 971,597 969,597 946,607 915,613 903,614 894,631 841,632 833,615 736,613 736,646 734,667 2755,682 2759,666 2763,623 2735,623"/>
        <Baseline points="736,646 2759,666"/>
        <TextEquiv>
          <Unicode>maximũ ẽ luminare : scđam lunae quia scđ luminare ẽ se consecrare putabant. Dein ordinata alt̃</Unicode>
        </TextEquiv>
      </TextLine>
      <TextLine id="eSc_line_ea71d163" custom="structure {type:InterlinearLine:signe_de_renvoi;}">
        <Coords points="2463,635 2463,652 2490,655 2493,635 2493,617 2463,617"/>
        <Baseline points="2466,638 2496,638"/>
        <TextEquiv>
          <Unicode>ς.</Unicode>
        </TextEquiv>
      </TextLine>
      <TextLine id="eSc_line_23600218" custom="structure {type:InterlinearLine:gloss;}">
        <Coords points="691,715 1130,700 1130,685 1124,652 688,649 691,691"/>
        <Baseline points="694,692 1132,686"/>
        <TextEquiv>
          <Unicode>illas .i. unã supͣ solẽ. alterãs supͣ lunã rł</Unicode>
        </TextEquiv>
      </TextLine>
      <TextLine id="eSc_line_c48cf636" custom="structure {type:InterlinearLine:gloss;}">
        <Coords points="1294,673 1297,687 1295,700 1184,701 1188,669"/>
        <Baseline points="1184,685 1292,684"/>
        <TextEquiv>
          <Unicode>i. martẽ</Unicode>
        </TextEquiv>
      </TextLine>
      <TextLine id="eSc_line_89271045" custom="structure {type:InterlinearLine:gloss;}">
        <Coords points="1585,718 1637,716 1637,698 1637,670 1585,666 1585,698"/>
        <Baseline points="1585,698 1637,698"/>
        <TextEquiv conf="0.9922703057527542">
          <Unicode>diei</Unicode>
        </TextEquiv>
      </TextLine>
      <TextLine id="eSc_line_f33fc635" custom="structure {type:InterlinearLine:gloss;}">
        <Coords points="1816,655 1786,655 1772,655 1697,655 1697,691 1697,718 1852,715 1852,691 1849,655 1846,655"/>
        <Baseline points="1700,694 1853,692"/>
        <TextEquiv>
          <Unicode>i. mercuriũ</Unicode>
        </TextEquiv>
      </TextLine>
      <TextLine id="eSc_line_f589e823" custom="structure {type:InterlinearLine:gloss;}">
        <Coords points="2217,661 2187,661 2187,691 2187,724 2264,715 2264,691 2264,661 2246,661"/>
        <Baseline points="2189,692 2267,692"/>
        <TextEquiv>
          <Unicode>i. iouẽ</Unicode>
        </TextEquiv>
      </TextLine>
      <TextLine id="eSc_line_964c7f3f" custom="structure {type:InterlinearLine:gloss;}">
        <Coords points="2630,713 2768,709 2767,698 2765,682 2632,688 2630,698"/>
        <Baseline points="2630,698 2767,698"/>
        <TextEquiv>
          <Unicode>i. uenerẽ</Unicode>
        </TextEquiv>
      </TextLine>
      <TextLine id="eSc_line_605a4a64" custom="structure {type:default;}">
        <Coords points="2640,700 2636,696 2571,688 2561,688 2559,688 2557,688 2555,688 2478,708 2434,688 2426,686 2424,686 2314,686 2312,686 2310,686 2281,716 2194,722 2182,702 2090,684 2088,684 2086,684 2070,690 2038,703 1575,704 1549,692 1536,686 1534,686 1446,680 1381,702 1312,680 1310,680 1288,710 1257,702 1183,702 1169,694 1036,698 1022,705 719,703 720,726 718,741 1272,751 1274,751 1357,743 1387,741 1401,743 1446,753 1789,755 1791,755 1905,756 1923,756 1963,772 2013,753 2015,753 2064,745 2076,743 2086,745 2133,755 2135,755 2818,757 2818,739 2838,692 2737,708 2670,700 2660,700"/>
        <Baseline points="720,726 1648,739 2818,739"/>
        <TextEquiv>
          <Unicode>natione. tertiȩ diei primã a sole stellã quartȩ primã a luna quintȩ́ scđam a sole. Sextȩ scđam a luna</Unicode>
        </TextEquiv>
      </TextLine>
      <TextLine id="eSc_line_486b76c1" custom="structure {type:InterlinearLine:gloss;}">
        <Coords points="955,730 926,730 896,727 866,727 866,759 866,786 1012,789 1015,759 1012,730 985,730"/>
        <Baseline points="867,761 1016,761"/>
        <TextEquiv>
          <Unicode>i. saturnũ.</Unicode>
        </TextEquiv>
      </TextLine>
      <TextLine id="eSc_line_701c4da0" custom="structure {type:InterlinearLine:signe_de_renvoi;}">
        <Coords points="1172,792 1193,795 1196,771 1193,735 1172,735 1172,771"/>
        <Baseline points="1174,773 1198,773"/>
        <TextEquiv>
          <Unicode>ς.</Unicode>
        </TextEquiv>
      </TextLine>
      <TextLine id="eSc_line_67be1c80" custom="structure {type:InterlinearLine:gloss;}">
        <Coords points="2555,741 2525,741 2528,774 2528,789 2594,798 2597,771 2594,741 2585,741"/>
        <Baseline points="2531,775 2598,774"/>
        <TextEquiv conf="0.9996236562728882">
          <Unicode>clero</Unicode>
        </TextEquiv>
      </TextLine>
      <TextLine id="eSc_line_a14ac1f0" custom="structure {type:default;}">
        <Coords points="665,824 742,840 744,842 880,842 880,840 882,840 934,828 1039,828 1064,828 1112,840 1114,840 1116,840 1310,830 1340,842 1342,842 1344,842 1462,830 1466,830 1557,830 1827,832 1848,844 1850,844 1852,844 2767,836 2769,819 2767,773 2638,759 2636,759 2634,759 2612,771 2600,789 2426,790 2401,769 2381,761 2379,761 2377,761 2333,767 2274,777 2218,767 2171,757 2169,757 2167,757 2145,765 2133,769 2100,765 2034,757 2032,757 1997,763 1945,775 1834,763 1783,757 1781,757 1779,757 1763,761 1720,775 1682,761 1666,755 1664,755 1662,755 1660,755 1640,761 1621,765 1579,778 1419,772 1426,743 1361,755 1359,755 1357,755 1349,757 1294,773 1233,761 1231,761 1229,761 1192,791 1070,755 1057,753 1055,753 1053,753 1049,755 1013,773 778,783 715,791 703,750 668,745 667,811"/>
        <Baseline points="667,811 2769,819"/>
        <TextEquiv>
          <Unicode>Septimȩ t̃tiã a sole p̃po nebant ; Ferias uero habere clerũ primus papa siluester edocuit. Cui dõ soli</Unicode>
        </TextEquiv>
      </TextLine>
      <TextLine id="eSc_line_0ae56c99" custom="structure {type:default;}">
        <Coords points="903,904 916,913 928,900 1304,899 1317,917 1340,912 1352,895 1422,898 1563,897 1617,908 1636,907 1668,906 1738,901 2011,910 2044,921 2052,923 2054,923 2056,923 2078,921 2165,910 2280,921 2349,927 2351,929 2409,929 2409,927 2410,927 2424,921 2446,912 2492,921 2527,927 2529,927 2715,919 2717,896 2715,856 2652,842 2650,842 2648,842 2646,842 2628,854 2620,860 2561,854 2529,850 2527,850 2525,850 2515,852 2498,858 2488,852 2472,842 2470,842 2468,842 2426,842 2424,842 2422,842 2403,852 2381,860 2238,860 2224,848 2215,840 2213,840 2211,840 2123,840 2121,840 2120,840 2118,840 2108,848 2096,856 2066,846 2044,840 2042,840 2040,840 2038,840 2024,846 1997,858 1924,846 1922,846 1920,846 1894,858 1637,858 1601,840 1595,838 1593,838 1536,838 1534,838 1532,838 1526,840 1478,854 1379,840 1377,840 1375,840 1334,854 1286,838 1074,851 722,859 724,899"/>
        <Baseline points="733,885 2717,896"/>
        <TextEquiv>
          <Unicode>uacanti. nũquã militiã ł negotiationẽ liceat exercere mundanã . Dicente psalmographo</Unicode>
        </TextEquiv>
      </TextLine>
      <TextLine id="eSc_line_199925bc" custom="structure {type:InterlinearLine:gloss;}">
        <Coords points="1235,894 1215,894 1195,896 1175,896 1162,897 721,901 722,919 722,943 942,931 1300,937 1304,913 1298,892 1272,892 1254,894"/>
        <Baseline points="722,919 1304,913"/>
        <TextEquiv>
          <Unicode>qui ꝓ dõ cessat ab omnib; secularab; ille dõ uacat.</Unicode>
        </TextEquiv>
      </TextLine>
      <TextLine id="eSc_line_a5b2ead3" custom="structure {type:InterlinearLine:gloss;}">
        <Coords points="1696,936 1786,934 1804,921 1806,906 1694,907 1696,919"/>
        <Baseline points="1696,919 1785,921"/>
        <TextEquiv conf="0.9988900820414225">
          <Unicode>uacans</Unicode>
        </TextEquiv>
      </TextLine>
      <TextLine id="eSc_line_1ec7dd87" custom="structure {type:default;}">
        <Coords points="1593,941 1539,920 1510,924 1475,926 1425,923 1390,917 1384,906 1297,919 1279,933 975,930 970,921 948,933 734,935 732,919 720,919 718,912 696,900 694,900 641,900 641,953 639,973 680,989 682,989 684,989 686,989 718,975 765,971 804,974 834,972 861,977 967,983 1133,984 1150,998 1207,971 1419,979 1448,991 1553,979 1573,995 1575,995 1577,995 1633,981 1945,981 1981,982 2005,990 2021,985 2199,981 2224,1012 2252,980 2777,985 2779,967 2775,928 2702,950 2607,949 2609,934 2592,927 2579,935 2563,952 2531,947 2517,925 2506,947 2454,944 2437,934 2418,940 2340,937 2194,943 2151,915 2149,915 2147,915 2070,927 1943,927 1898,923 1856,936 1765,942 1753,923 1745,942"/>
        <Baseline points="641,953 2779,967"/>
        <TextEquiv>
          <Unicode>Uacate &amp;uid&amp;e qm̃ ego sum ds̃. Itẽq. apłs. nemo militans dõ implicat se negotiis secularib Et primã</Unicode>
        </TextEquiv>
      </TextLine>
      <TextLine id="eSc_line_cd16de1b" custom="structure {type:InterlinearLine:gloss;}">
        <Coords points="2403,1020 2506,1019 2509,1006 2509,986 2405,985 2401,1006"/>
        <Baseline points="2401,1006 2509,1006"/>
        <TextEquiv>
          <Unicode>silu est̃</Unicode>
        </TextEquiv>
      </TextLine>
      <TextLine id="eSc_line_2d8918e0" custom="structure {type:InterlinearLine:gloss;}">
        <Coords points="2749,1032 2769,1032 2769,1010 2769,975 2749,975 2749,1010"/>
        <Baseline points="2749,1010 2769,1010"/>
        <TextEquiv>
          <Unicode>diei</Unicode>
        </TextEquiv>
      </TextLine>
      <TextLine id="eSc_line_f8533b4e" custom="structure {type:default;}">
        <Coords points="2524,1019 2391,1024 2334,1011 1552,1003 1511,1014 1469,1016 1453,1012 1134,1014 1084,1010 1053,998 815,1000 725,1006 720,1036 720,1070 2779,1070 2781,1046 2773,1031 2739,1004 2630,1010"/>
        <Baseline points="720,1036 2781,1046"/>
        <TextEquiv>
          <Unicode>quidẽ diẽ qua &amp; lux in principio facta &amp; xpĩ ẽ resurrectio celebrata dominicã noncupauit. Qđ illi</Unicode>
        </TextEquiv>
      </TextLine>
      <TextLine id="eSc_line_67ccf4af" custom="structure {type:default;}">
        <Coords points="718,1129 841,1122 857,1139 914,1130 986,1138 1043,1133 1051,1133 1090,1133 1468,1147 1470,1147 1522,1137 1549,1133 1698,1139 1818,1139 1951,1143 1969,1133 2060,1135 2074,1143 2086,1149 2119,1140 2188,1143 2249,1144 2377,1145 2711,1137 2779,1140 2783,1115 2779,1082 2631,1073 2553,1074 2490,1093 2459,1074 2419,1084 2391,1087 2335,1090 2324,1076 2287,1083 2226,1080 2218,1080 2207,1080 2136,1105 2097,1092 2009,1087 1989,1064 1987,1064 1985,1064 1934,1086 1914,1088 1894,1077 1868,1078 1756,1087 1715,1089 1643,1082 1575,1072 1458,1075 1415,1086 1386,1081 1357,1085 1251,1076 1194,1079 1143,1081 1111,1077 1092,1076 1052,1088 1025,1083 968,1093 924,1094 898,1074 861,1078 720,1074 720,1109"/>
        <Baseline points="720,1109 1793,1121 2783,1115"/>
        <TextEquiv>
          <Unicode>nom̃ iã olim primis eccłae tẽporibus fuisse inditũ testatur ioh̶is. qͥ d̶t in apocalipsi. fui inspũ in die dominico</Unicode>
        </TextEquiv>
      </TextLine>
      <TextLine id="eSc_line_ce4b87fc" custom="structure {type:InterlinearLine:gloss;}">
        <Coords points="699,1128 698,1143 699,1155 859,1153 857,1141 852,1122"/>
        <Baseline points="698,1143 857,1141"/>
        <TextEquiv>
          <Unicode>pꝰ dominicã</Unicode>
        </TextEquiv>
      </TextLine>
      <TextLine id="eSc_line_06b0e136" custom="structure {type:InterlinearLine:gloss;}">
        <Coords points="1877,1167 1970,1169 2063,1170 2058,1168 2069,1152 2051,1133 1879,1142 1876,1155"/>
        <Baseline points="1876,1155 2058,1151"/>
        <TextEquiv>
          <Unicode>noncupauit</Unicode>
        </TextEquiv>
      </TextLine>
      <TextLine id="eSc_line_e37aa4be" custom="structure {type:default;}">
        <Coords points="714,1204 2725,1214 2729,1188 2725,1159 2604,1159 2604,1157 2553,1141 2551,1141 2549,1141 2458,1157 2456,1159 2268,1159 2266,1157 2240,1141 2238,1141 2236,1141 2173,1141 2171,1141 2169,1141 2167,1141 2088,1167 1884,1170 1862,1158 1838,1153 1780,1157 1754,1174 1678,1167 1557,1155 1543,1157 1526,1155 1506,1168 1460,1169 1427,1145 1425,1145 1409,1155 1403,1159 1223,1159 1217,1155 1187,1141 1185,1141 1088,1141 1086,1141 1084,1141 1059,1155 1053,1156 991,1159 985,1155 954,1141 952,1141 938,1154 652,1155 649,1207"/>
        <Baseline points="660,1178 1593,1198 2729,1188"/>
        <TextEquiv>
          <Unicode>Dein scd̶am feriã . t̃tiã feriã . quartã . quintã. &amp; sextã de suo adnecténs ; sabbatũ ex u&amp;eri scriptura</Unicode>
        </TextEquiv>
      </TextLine>
      <TextLine id="eSc_line_d7117bb9" custom="structure {type:InterlinearLine:gloss;}">
        <Coords points="1005,1252 1100,1244 1100,1228 1106,1210 1006,1212 1005,1228"/>
        <Baseline points="1005,1228 1100,1228"/>
        <TextEquiv conf="0.9823780432343483">
          <Unicode>siluest̃</Unicode>
        </TextEquiv>
      </TextLine>
      <TextLine id="eSc_line_245fc939" custom="structure {type:InterlinearLine:gloss;}">
        <Coords points="1560,1206 1559,1220 1560,1233 1704,1234 1706,1222 1703,1210"/>
        <Baseline points="1559,1220 1706,1222"/>
        <TextEquiv>
          <Unicode>grã,atoco</Unicode>
        </TextEquiv>
      </TextLine>
      <TextLine id="eSc_line_6b82821b" custom="structure {type:default;}">
        <Coords points="1522,1237 1166,1234 1146,1231 1117,1243 1073,1250 1005,1250 999,1234 977,1222 975,1222 973,1222 971,1222 946,1234 942,1236 708,1236 708,1266 708,1297 787,1289 910,1297 975,1301 1099,1288 1137,1304 1178,1283 1759,1293 1773,1291 1805,1293 1882,1301 1884,1301 1886,1301 1902,1293 1908,1291 1918,1293 1953,1301 1955,1303 2078,1292 2215,1290 2278,1284 2353,1282 2743,1286 2745,1270 2741,1228 2604,1236 2559,1228 2527,1222 2525,1222 2523,1222 2504,1228 2474,1236 2434,1228 2401,1222 2399,1222 2397,1222 2383,1228 2365,1236 2310,1228 2258,1222 2256,1222 2215,1230 2185,1234 2151,1230 2088,1220 2086,1220 2050,1243 1969,1236 1766,1237 1673,1236"/>
        <Baseline points="708,1266 1609,1276 2745,1270"/>
        <TextEquiv>
          <Unicode>retinuit; nilueritus grãmaticoꝝ ferulas qͥ sicut kalendas nonas &amp; iđ. ita &amp;iã ferias plurali tantum</Unicode>
        </TextEquiv>
      </TextLine>
      <TextLine id="eSc_line_bd18b929" custom="structure {type:InterlinearLine:gloss;}">
        <Coords points="1239,1323 1397,1323 1399,1309 1396,1292 1241,1289 1241,1307"/>
        <Baseline points="1241,1307 1399,1309"/>
        <TextEquiv conf="0.9894868532816569">
          <Unicode>difiniunt</Unicode>
        </TextEquiv>
      </TextLine>
      <TextLine id="eSc_line_c0e7fdc8" custom="structure {type:InterlinearLine:gloss;}">
        <Coords points="2282,1329 2533,1319 2533,1305 2531,1278 2282,1279 2282,1305"/>
        <Baseline points="2282,1305 2533,1305"/>
        <TextEquiv>
          <Unicode>i. l dier̃ a pascha.</Unicode>
        </TextEquiv>
      </TextLine>
      <TextLine id="eSc_line_174bc2e0" custom="structure {type:default;}">
        <Coords points="2502,1305 2472,1305 2442,1305 2413,1305 2383,1305 2353,1305 2324,1305 2294,1305 2279,1287 1434,1289 1421,1317 1344,1308 1314,1308 1285,1308 1255,1308 1243,1293 721,1296 724,1344 724,1365 1718,1368 1733,1368 1763,1368 1792,1368 1822,1368 1852,1368 1881,1365 1911,1365 1941,1365 1970,1365 2000,1365 2030,1365 2059,1365 2089,1365 2119,1365 2148,1365 2178,1365 2208,1365 2238,1365 2267,1365 2297,1365 2327,1365 2356,1365 2386,1365 2389,1368 2715,1370 2721,1338 2712,1287 2543,1287 2531,1302"/>
        <Baseline points="725,1345 2723,1341"/>
        <TextEquiv>
          <Unicode>numero proferendas eẽ decernunt. Tertia species ebdo madis in celebratione pentecostes agitur</Unicode>
        </TextEquiv>
      </TextLine>
      <TextLine id="eSc_line_a35d5210" >
        <Coords points="742,1379 742,1400 768,1391 771,1382 768,1347 753,1344 745,1344"/>
        <Baseline points="745,1380 773,1383"/>
        <TextEquiv>
          <Unicode>ς</Unicode>
        </TextEquiv>
      </TextLine>
      <TextLine id="eSc_line_e79c62f9" custom="structure {type:InterlinearLine:gloss;}">
        <Coords points="1448,1344 1418,1344 1389,1344 1359,1344 1359,1373 1359,1403 1481,1391 1481,1373 1481,1344 1478,1344"/>
        <Baseline points="1361,1376 1484,1375"/>
        <TextEquiv>
          <Unicode>una die</Unicode>
        </TextEquiv>
      </TextLine>
      <TextLine id="eSc_line_56bbedf6" custom="structure {type:InterlinearLine:gloss;}">
        <Coords points="1988,1341 1959,1341 1929,1341 1899,1341 1869,1341 1840,1341 1810,1341 1780,1341 1751,1341 1721,1341 1691,1344 1662,1344 1632,1344 1602,1344 1573,1344 1576,1373 1576,1397 2024,1394 2027,1373 2024,1341 2018,1341"/>
        <Baseline points="1578,1374 1976,1369 2030,1376"/>
        <TextEquiv>
          <Unicode>s. hic uii dies. ꝓ una die ponunt᷑.</Unicode>
        </TextEquiv>
      </TextLine>
      <TextLine id="eSc_line_401a3136" custom="structure {type:InterlinearLine:signe_de_renvoi;}">
        <Coords points="2065,1397 2107,1397 2110,1382 2107,1344 2068,1344 2068,1379"/>
        <Baseline points="2069,1381 2093,1384 2111,1383"/>
        <TextEquiv>
          <Unicode>ς</Unicode>
        </TextEquiv>
      </TextLine>
      <TextLine id="eSc_line_5916e7b9" custom="structure {type:InterlinearLine:gloss;}">
        <Coords points="2338,1341 2309,1341 2279,1341 2267,1341 2160,1344 2163,1379 2163,1394 2386,1385 2386,1368 2377,1341 2368,1341"/>
        <Baseline points="2164,1381 2387,1370"/>
        <TextEquiv>
          <Unicode>i. quinquagesima.</Unicode>
        </TextEquiv>
      </TextLine>
      <TextLine id="eSc_line_165270c1" custom="structure {type:default;}">
        <Coords points="2114,1372 2100,1380 2092,1384 2052,1380 1998,1393 1977,1374 1964,1398 1933,1386 1619,1389 1343,1386 1313,1373 1165,1370 1163,1370 1161,1370 1128,1382 1120,1384 1092,1382 995,1374 993,1374 991,1374 989,1374 975,1382 973,1384 958,1382 858,1386 795,1391 710,1391 710,1418 710,1442 2755,1446 2757,1418 2757,1380 2630,1370 2628,1370 2589,1380 2569,1384 2557,1380 2535,1370 2533,1370 2531,1370 2478,1380 2452,1384 2434,1380 2407,1372 2405,1372 2403,1372 2401,1372 2385,1380 2375,1386 2179,1386 2161,1380 2129,1372 2116,1372"/>
        <Baseline points="710,1418 2757,1418"/>
        <TextEquiv>
          <Unicode>uii. uidelic&amp; septimanis dierũ &amp; monade hoc ÷ quinquagnta diebus impl&amp;a . qua die moyses ardentẽ consen</Unicode>
        </TextEquiv>
      </TextLine>
      <TextLine id="eSc_line_12462925" custom="structure {type:default;}">
        <Coords points="716,1521 752,1515 771,1523 783,1527 785,1527 787,1527 813,1523 849,1515 888,1523 920,1529 922,1531 1094,1531 1094,1529 1096,1529 1114,1523 1140,1517 1688,1517 1759,1527 1779,1529 1781,1529 1783,1529 1787,1527 1811,1517 1834,1527 1844,1531 1846,1531 1848,1531 1888,1527 1977,1519 2044,1529 2066,1531 2068,1533 2476,1533 2476,1531 2486,1531 2555,1521 2618,1531 2622,1531 2624,1531 2628,1531 2688,1521 2737,1531 2741,1499 2735,1460 2484,1461 2468,1458 2430,1446 2428,1446 2426,1446 2424,1446 2403,1458 2393,1461 2359,1458 2321,1452 2319,1452 2317,1452 2315,1452 2308,1456 2298,1463 2155,1463 2137,1456 2114,1448 2112,1448 2110,1448 2052,1456 2003,1461 1987,1456 1961,1444 1959,1444 1957,1444 1833,1454 1767,1460 1728,1454 1656,1442 1605,1442 1603,1442 1601,1442 1575,1454 1559,1460 1441,1452 1276,1442 1112,1442 1110,1442 1108,1442 1072,1450 1057,1454 1035,1450 983,1442 981,1442 944,1450 902,1460 861,1450 823,1440 821,1440 819,1440 716,1448 716,1499"/>
        <Baseline points="716,1499 1403,1495 2228,1507 2741,1499"/>
        <TextEquiv>
          <Unicode>dens in montẽ legẽ de caelo accepit. &amp; xp̃c in linguis igneis sp̃r scĩ gratiã de caelo misit ; Quarta septimi</Unicode>
        </TextEquiv>
      </TextLine>
      <TextLine id="eSc_line_f7db1754" custom="structure {type:InterlinearLine:gloss;}">
        <Coords points="1121,1556 1561,1549 1561,1537 1560,1513 1121,1515 1119,1537"/>
        <Baseline points="1120,1539 1564,1539"/>
        <TextEquiv>
          <Unicode>m̃sis septimꝰ i. septẽber s. a martio.</Unicode>
        </TextEquiv>
      </TextLine>
      <TextLine id="eSc_line_977abd40" custom="structure {type:InterlinearLine:gloss;}">
        <Coords points="2006,1520 1687,1514 1685,1537 1693,1549 2075,1548 2068,1537 2068,1504 2042,1504"/>
        <Baseline points="1686,1539 2070,1539"/>
        <TextEquiv>
          <Unicode>hic ponit᷑ mensis. ꝓ una die.</Unicode>
        </TextEquiv>
      </TextLine>
      <TextLine id="eSc_line_308e20e8" custom="structure {type:InterlinearLine:gloss;}">
        <Coords points="2404,1560 2551,1558 2553,1537 2547,1516 2397,1521 2403,1539"/>
        <Baseline points="2403,1539 2553,1537"/>
        <TextEquiv conf="0.994746113816897">
          <Unicode>solẽnitates</Unicode>
        </TextEquiv>
      </TextLine>
      <TextLine id="eSc_line_b4d6a0d9" custom="structure {type:default;}">
        <Coords points="2552,1534 2522,1537 2404,1537 2392,1525 2223,1519 2217,1519 2184,1534 2125,1516 2110,1516 2051,1540 1644,1540 1567,1519 1555,1519 1543,1540 1127,1540 1121,1531 715,1522 715,1605 2122,1614 2733,1596 2736,1566 2727,1516 2564,1534 2552,1531 2552,1534"/>
        <Baseline points="718,1582 2086,1582 2737,1569"/>
        <TextEquiv>
          <Unicode>m̃sis erat ebdomada qui solemnitatibus prȩclaris pene totus exxpendebatur . Int̃ quas p̃cipue dies</Unicode>
        </TextEquiv>
      </TextLine>
      <TextLine id="eSc_line_b226bcd6" custom="structure {type:InterlinearLine:gloss;}">
        <Coords points="726,1643 1045,1642 1047,1624 1043,1600 724,1596 726,1626"/>
        <Baseline points="726,1626 1047,1624"/>
        <TextEquiv>
          <Unicode>remissionis peccator̃</Unicode>
        </TextEquiv>
      </TextLine>
      <TextLine id="eSc_line_7ad2f966" custom="structure {type:InterlinearLine:gloss;}">
        <Coords points="1205,1636 1251,1643 1253,1624 1253,1592 1205,1590 1205,1624"/>
        <Baseline points="1205,1624 1253,1624"/>
        <TextEquiv conf="0.9921932220458984">
          <Unicode>die</Unicode>
        </TextEquiv>
      </TextLine>
      <TextLine id="eSc_line_53d7e130" custom="structure {type:default;}">
        <Coords points="1235,1626 1219,1630 1217,1630 1215,1630 1177,1614 1175,1614 1086,1614 1084,1614 1082,1614 1015,1632 1011,1634 714,1634 716,1671 718,1703 754,1689 791,1701 793,1701 795,1701 797,1701 799,1701 823,1687 985,1687 1033,1701 1035,1701 1037,1701 1039,1701 1041,1701 1043,1701 1080,1689 1207,1699 1217,1699 1219,1699 1221,1699 1223,1699 1268,1685 1363,1697 1379,1699 1381,1699 1383,1699 1385,1699 1387,1697 1411,1683 1468,1697 1472,1697 1474,1697 1492,1697 1716,1681 1831,1693 1848,1695 1850,1697 2048,1697 2048,1695 2070,1691 2137,1679 2209,1691 2228,1693 2230,1693 2272,1689 2409,1677 2486,1687 2500,1689 2502,1689 2504,1689 2507,1687 2533,1677 2711,1685 2715,1659 2709,1616 2612,1622 2591,1616 2557,1606 2555,1606 2553,1606 2502,1618 2480,1622 2464,1618 2434,1608 2432,1608 2430,1608 2355,1618 2315,1624 2302,1620 2274,1608 2272,1608 2106,1608 2104,1608 2102,1608 2056,1622 2048,1624 2040,1622 2009,1610 2007,1610 2005,1610 2003,1610 1973,1622 1963,1628 1872,1628 1860,1624 1809,1610 1807,1610 1805,1610 1803,1610 1763,1620 1724,1610 1722,1610 1720,1610 1718,1610 1680,1624 1635,1612 1633,1612 1631,1612 1565,1626 1563,1628 1413,1628 1405,1628 1286,1614 1284,1614 1249,1622 1249,1626"/>
        <Baseline points="716,1671 2715,1659"/>
        <TextEquiv>
          <Unicode>propitiationis eminebat qua sola. ꝑ annũ pontifex derelicto foris populo scã scõꝝ intrabat . Annuis</Unicode>
        </TextEquiv>
      </TextLine>
      <TextLine id="eSc_line_4c0211c5" custom="structure {type:InterlinearLine:gloss;}">
        <Coords points="1686,1667 1666,1667 1646,1667 1627,1667 1607,1667 1587,1667 1573,1667 1567,1671 1569,1705 1569,1734 1842,1714 1842,1699 1838,1667 1714,1665 1706,1667"/>
        <Baseline points="1569,1705 1842,1699"/>
        <TextEquiv>
          <Unicode>s. prius frum̃tũ rł</Unicode>
        </TextEquiv>
      </TextLine>
      <TextLine id="eSc_line_39f07bd2" custom="structure {type:default;}">
        <Coords points="1834,1701 1832,1701 1817,1709 1815,1709 1807,1709 1751,1701 1735,1703 1716,1703 1706,1703 1696,1709 1690,1713 1551,1713 1549,1711 1522,1697 1520,1697 1518,1697 1415,1711 1399,1713 1389,1711 1322,1695 1320,1695 1088,1707 1060,1695 1059,1695 1057,1695 969,1697 967,1697 918,1715 914,1715 910,1715 865,1703 863,1703 861,1703 706,1715 708,1754 708,1772 1755,1784 1757,1784 1848,1770 2019,1782 2021,1782 2185,1766 2189,1766 2193,1766 2270,1780 2272,1780 2763,1778 2765,1778 2810,1762 2810,1742 2806,1703 2715,1687 2713,1687 2601,1703 2587,1705 2581,1703 2531,1687 2529,1687 2456,1687 2454,1687 2369,1705 2355,1709 2260,1709 2256,1705 2222,1689 2220,1689 2218,1689 2217,1689 2153,1705 1975,1691 1973,1691 1971,1691 1928,1705 1860,1691 1858,1691 1856,1691 1834,1699 1834,1701"/>
        <Baseline points="708,1754 2810,1742"/>
        <TextEquiv>
          <Unicode>antea fructibus hoc ÷ frum̃ti .uini. &amp; olei. ex ordine collectis significans iħm pontificẽ magiiũ im pl&amp;a</Unicode>
        </TextEquiv>
      </TextLine>
      <TextLine id="eSc_line_0a9a8196" custom="structure {type:InterlinearLine:gloss;}">
        <Coords points="738,1800 825,1814 827,1814 829,1814 849,1806 872,1798 918,1810 922,1782 916,1760 736,1760 738,1786"/>
        <Baseline points="738,1786 922,1782"/>
        <TextEquiv>
          <Unicode>quasi fructib;</Unicode>
        </TextEquiv>
      </TextLine>
      <TextLine id="eSc_line_47e7f38f" custom="structure {type:default;}">
        <Coords points="712,1833 712,1863 1062,1851 1090,1861 1102,1865 1104,1865 1106,1867 1272,1867 1272,1865 1274,1865 1288,1859 1300,1853 1340,1859 1389,1865 1391,1865 1431,1857 1476,1849 1700,1849 1710,1855 1726,1863 1728,1863 1730,1865 1920,1865 1920,1863 1922,1863 1959,1853 1977,1849 2003,1853 2070,1863 2072,1863 2074,1863 2110,1851 2127,1847 2331,1847 2335,1849 2349,1859 2351,1859 2353,1859 2355,1859 2531,1847 2557,1847 2571,1847 2674,1859 2676,1859 2753,1845 2755,1827 2751,1796 2674,1776 2672,1776 2670,1776 2622,1794 2620,1796 2375,1796 2365,1792 2310,1780 2308,1780 2306,1780 2282,1792 2276,1796 2217,1796 2209,1792 2181,1780 2179,1780 2177,1780 2121,1786 2074,1776 2072,1776 1864,1790 1779,1794 1749,1788 1700,1778 1482,1778 1480,1778 1441,1786 1389,1798 1365,1786 1361,1784 1359,1784 1357,1784 1355,1784 1351,1786 1324,1800 1189,1800 1140,1784 1124,1780 1122,1780 1120,1780 1118,1780 1110,1784 1082,1798 948,1786 946,1786 944,1786 912,1798 867,1788 865,1788 805,1798 710,1782 712,1833"/>
        <Baseline points="712,1833 2755,1827"/>
        <TextEquiv>
          <Unicode>dispensatione carnis ꝑ propriũ sanguinẽ caelestis regni ianuas ingressurũ. ut appareat nc̃ uultui</Unicode>
        </TextEquiv>
      </TextLine>
      <TextLine id="eSc_line_d5939187" custom="structure {type:InterlinearLine:gloss;}">
        <Coords points="2151,1875 2181,1887 2183,1887 2185,1887 2412,1883 2414,1867 2412,1837 2153,1831 2153,1863"/>
        <Baseline points="2153,1863 2414,1867"/>
        <TextEquiv>
          <Unicode>i. in quarta specie</Unicode>
        </TextEquiv>
      </TextLine>
      <TextLine id="eSc_line_b288d893" custom="structure {type:default;}">
        <Coords points="720,1934 758,1948 760,1948 762,1948 813,1936 823,1934 874,1936 1108,1948 1110,1948 1112,1948 1134,1938 1144,1934 1193,1938 1272,1946 1274,1946 1276,1946 1296,1940 1316,1932 1326,1940 1334,1946 1336,1946 1338,1946 1340,1948 1393,1948 1393,1946 1395,1946 1411,1940 1431,1934 1557,1942 1579,1942 1581,1942 1604,1926 1755,1923 1783,1944 1785,1944 1787,1944 1789,1944 1813,1913 1862,1930 1889,1924 2005,1921 2770,1928 2765,1886 2205,1885 2162,1872 1506,1865 1484,1857 1482,1857 1480,1857 1478,1857 1476,1857 1464,1865 1446,1877 1348,1877 1332,1865 1324,1857 1322,1857 1320,1857 1318,1857 1316,1857 1314,1857 1304,1863 1284,1877 1205,1877 1130,1863 1104,1859 1102,1859 1100,1859 1092,1863 1064,1875 1041,1863 1039,1861 1037,1861 1035,1861 1033,1861 1031,1861 1031,1863 1021,1871 1013,1865 1011,1865 1009,1865 1007,1865 1005,1865 958,1877 896,1861 886,1859 884,1859 882,1859 880,1859 876,1861 845,1877 821,1865 819,1865 718,1861 720,1917"/>
        <Baseline points="720,1917 2757,1909"/>
        <TextEquiv>
          <Unicode>dĩ pro nobis qui foris adhuc positi prestolamur &amp; diligimꝰ aduentũ eius: Ubi notandũ  sicut quidã in mun</Unicode>
        </TextEquiv>
      </TextLine>
      <TextLine id="eSc_line_3fe75622" custom="structure {type:InterlinearLine:gloss;}">
        <Coords points="2030,1911 2000,1911 1970,1911 1941,1911 1944,1928 1944,1958 1967,1952 1973,1946 2003,1946 2033,1946 2036,1946 2083,1940 2086,1925 2080,1911 2059,1911"/>
        <Baseline points="1945,1930 2088,1928"/>
        <TextEquiv>
          <Unicode>ꝓt̃ pascha.</Unicode>
        </TextEquiv>
      </TextLine>
      <TextLine id="eSc_line_264608c1" custom="structure {type:InterlinearLine:gloss;}">
        <Coords points="2279,1911 2249,1911 2220,1911 2190,1911 2160,1911 2131,1911 2131,1928 2125,1973 2306,1979 2312,1940 2312,1911 2309,1911"/>
        <Baseline points="2134,1931 2179,1931 2245,1931 2314,1943"/>
        <TextEquiv>
          <Unicode>ꝓt̃ pentecosten.</Unicode>
        </TextEquiv>
      </TextLine>
      <TextLine id="eSc_line_0b98c8d1" custom="structure {type:InterlinearLine:gloss;}">
        <Coords points="910,1962 911,1945 1072,1946 1070,1971 1035,1980 1031,1982 1027,1982 908,1980"/>
        <Baseline points="910,1962 1070,1964"/>
        <TextEquiv>
          <Unicode>i. dominica.</Unicode>
        </TextEquiv>
      </TextLine>
      <TextLine id="eSc_line_6013d9b7" custom="structure {type:InterlinearLine:gloss;}">
        <Coords points="1809,1960 1801,1966 1787,1978 1779,1978 1759,1966 1753,1964 1684,1966 1684,1948 1685,1927 1822,1926 1816,1960"/>
        <Baseline points="1684,1948 1816,1947"/>
        <TextEquiv conf="0.9988612702914647">
          <Unicode>mundari</Unicode>
        </TextEquiv>
      </TextLine>
      <TextLine id="eSc_line_1c1891c6" custom="structure {type:InterlinearLine:gloss;}">
        <Coords points="1074,1988 1175,1994 1178,1970 1175,1922 1074,1931 1074,1970"/>
        <Baseline points="1077,1972 1181,1973"/>
        <TextEquiv>
          <Unicode>martis.</Unicode>
        </TextEquiv>
      </TextLine>
      <TextLine id="eSc_line_c9df6b13" custom="structure {type:InterlinearLine:gloss;}">
        <Coords points="1332,1949 1343,1981 1288,1980 1222,1977 1227,1951"/>
        <Baseline points="1222,1965 1328,1968"/>
        <TextEquiv>
          <Unicode>saturni.</Unicode>
        </TextEquiv>
      </TextLine>
      <TextLine id="eSc_line_6b04bdbb" custom="structure {type:InterlinearLine:gloss;}">
        <Coords points="2099,1962 1966,1967 1967,1939 2102,1934"/>
        <Baseline points="1966,1953 2095,1951"/>
        <TextEquiv conf="0.9398620203137398">
          <Unicode>martius.</Unicode>
        </TextEquiv>
      </TextLine>
      <TextLine id="eSc_line_bbc7a256" custom="structure {type:InterlinearLine:gloss;}">
        <Coords points="2184,1931 2154,1931 2154,1943 2151,1979 2238,1982 2243,1946 2243,1931 2214,1931"/>
        <Baseline points="2157,1945 2246,1947"/>
        <TextEquiv>
          <Unicode>maius.</Unicode>
        </TextEquiv>
      </TextLine>
      <TextLine id="eSc_line_c6ee7566" custom="structure {type:InterlinearLine:gloss;}">
        <Coords points="2498,1974 2498,1976 2494,1976 2494,1978 2365,1978 2376,1935 2507,1936 2505,1967"/>
        <Baseline points="2369,1956 2381,1958 2444,1958 2505,1956"/>
        <TextEquiv>
          <Unicode>septẽber.</Unicode>
        </TextEquiv>
      </TextLine>
      <TextLine id="eSc_line_c2cb3af8" custom="structure {type:InterlinearLine:gloss;}">
        <Coords points="2531,1970 2748,1967 2751,1943 2742,1911 2528,1914 2531,1952"/>
        <Baseline points="2533,1955 2753,1946"/>
        <TextEquiv>
          <Unicode>istius ebdomadȩ.</Unicode>
        </TextEquiv>
      </TextLine>
      <TextLine id="eSc_line_d47010a0" custom="structure {type:default;}">
        <Coords points="2320,1973 2233,1972 2124,1962 2091,1973 1982,1982 1941,1952 1904,1946 1902,1946 1900,1946 1888,1952 1872,1962 1779,1962 1763,1954 1749,1948 1747,1948 1745,1948 1664,1954 1559,1962 1545,1954 1520,1942 1518,1942 1516,1942 1452,1956 1441,1958 1429,1956 1388,1977 1380,1956 1360,1957 1345,1978 1279,1978 885,1965 858,1973 829,1978 802,1968 782,1968 753,1964 708,1960 710,2004 710,2025 1108,2023 1211,2025 1213,2025 1215,2025 1225,2023 1258,2015 1474,2021 1605,2025 1607,2025 1656,2021 1734,2013 1961,2012 1980,2019 1993,2004 2228,2021 2743,2013 2745,1996 2757,1967"/>
        <Baseline points="714,1999 2745,1996"/>
        <TextEquiv>
          <Unicode>di ꝑ legẽ prima t̃tia &amp; septima die iubebantur lustrari . sic &amp; primus tertius ac septimus mensis suis</Unicode>
        </TextEquiv>
      </TextLine>
      <TextLine id="eSc_line_fcf42c9c" custom="structure {type:InterlinearLine:gloss;}">
        <Coords points="861,2073 861,2051 863,2031 935,2036 951,2023 969,2034 1027,2028 1026,2066"/>
        <Baseline points="861,2051 1026,2047"/>
        <TextEquiv conf="0.9738944123188654">
          <Unicode>sacrificiis.</Unicode>
        </TextEquiv>
      </TextLine>
      <TextLine id="eSc_line_98660c1b" custom="structure {type:InterlinearLine:gloss;}">
        <Coords points="1356,2019 1542,2008 1545,2035 1545,2045 1082,2064 1081,2026 1206,2021 1234,2024 1285,2016 1299,2018 1330,2013"/>
        <Baseline points="1081,2046 1545,2035"/>
        <TextEquiv>
          <Unicode>in ipsis aũt habemꝰ sacros ordines.</Unicode>
        </TextEquiv>
      </TextLine>
      <TextLine id="eSc_line_930a913b" custom="structure {type:InterlinearLine:gloss;}">
        <Coords points="1714,2045 1762,2043 1780,2043 2063,2044 2062,2033 2062,2006 1714,2006 1714,2033"/>
        <Baseline points="1714,2033 2062,2033"/>
        <TextEquiv>
          <Unicode>hic ponit᷑ annus ꝓ una die.</Unicode>
        </TextEquiv>
      </TextLine>
      <TextLine id="eSc_line_d493db8b" custom="structure {type:InterlinearLine:gloss;}">
        <Coords points="2222,2069 2359,2067 2361,2049 2357,2023 2220,2021 2222,2051"/>
        <Baseline points="2222,2051 2361,2049"/>
        <TextEquiv>
          <Unicode>uii anno</Unicode>
        </TextEquiv>
      </TextLine>
      <TextLine id="eSc_line_558e24c2" custom="structure {type:InterlinearLine:gloss;}">
        <Coords points="2666,2057 2743,2061 2743,2039 2737,2011 2656,2013 2660,2043"/>
        <Baseline points="2660,2043 2743,2039"/>
        <TextEquiv>
          <Unicode>geñt</Unicode>
        </TextEquiv>
      </TextLine>
      <TextLine id="eSc_line_8a2294c9" custom="structure {type:default;}">
        <Coords points="2224,2066 2021,2043 2019,2043 1975,2051 1965,2053 1957,2051 1906,2035 1904,2035 1902,2035 1834,2047 1803,2037 1801,2037 1799,2037 1797,2037 1767,2051 1761,2053 1757,2051 1718,2035 1716,2035 1714,2035 1615,2049 948,2065 706,2051 708,2093 708,2124 845,2122 847,2122 890,2108 985,2122 987,2122 1049,2108 1134,2122 1136,2122 1138,2122 1183,2108 1314,2114 1316,2114 1318,2114 1320,2114 1338,2104 1448,2104 1496,2120 1498,2120 1500,2120 1589,2106 1625,2118 1627,2118 1629,2118 1714,2102 1850,2118 1852,2118 1854,2118 1900,2102 1949,2118 1951,2118 1953,2118 2185,2104 2252,2116 2254,2116 2256,2116 2294,2102 2460,2116 2462,2116 2617,2106 2645,2125 2713,2116 2717,2085 2713,2053 2658,2053 2658,2051 2615,2041 2494,2043 2361,2068"/>
        <Baseline points="708,2093 2717,2085"/>
        <TextEquiv>
          <Unicode>quiq. ceremoniis extitere solemnes. Quinta eb[*]domada septimi anni. quo toto populus ab agri</Unicode>
        </TextEquiv>
      </TextLine>
      <TextLine id="eSc_line_d1efcde9" custom="structure {type:default;}">
        <Coords points="704,2203 762,2213 764,2213 766,2213 789,2203 823,2191 872,2203 908,2211 910,2211 912,2211 940,2203 979,2191 1027,2203 1074,2213 1076,2213 1078,2213 1098,2205 1100,2205 1104,2205 1118,2201 1163,2190 1240,2190 1277,2185 1305,2188 1340,2190 1387,2188 1488,2188 1522,2199 1536,2205 1538,2205 1540,2205 1542,2205 1553,2199 1571,2191 1635,2191 1648,2199 1656,2203 1658,2203 1660,2203 1704,2199 1832,2186 1906,2195 1908,2195 2054,2191 2074,2197 2104,2207 2106,2207 2108,2209 2123,2209 2129,2195 2149,2195 2169,2195 2189,2195 2209,2195 2228,2195 2248,2195 2268,2195 2288,2195 2308,2195 2327,2195 2347,2195 2367,2195 2387,2197 2407,2197 2426,2197 2446,2197 2464,2197 2470,2195 2504,2182 2676,2193 2678,2164 2674,2120 2639,2130 2616,2121 2588,2123 2541,2120 2527,2128 2450,2128 2399,2120 2345,2112 2343,2112 2341,2112 2321,2120 2296,2128 2236,2120 2209,2116 2207,2116 2205,2116 2195,2120 2171,2128 2015,2120 1971,2118 1969,2118 1967,2118 1961,2120 1937,2128 1898,2120 1876,2116 1874,2116 1834,2120 1743,2130 1706,2120 1690,2116 1688,2116 1686,2116 1684,2116 1672,2120 1640,2132 1547,2120 1524,2118 1522,2118 1504,2120 1437,2132 1397,2120 1389,2118 1387,2118 1385,2118 1383,2118 1377,2120 1349,2134 702,2122 704,2176"/>
        <Baseline points="704,2176 2678,2164"/>
        <TextEquiv>
          <Unicode>colandi opere legis imperio uacabat. dicente dño. ui annis seres agrũtuũ. septimo cessabis.</Unicode>
        </TextEquiv>
      </TextLine>
      <TextLine id="eSc_line_f3d276e8" custom="structure {type:InterlinearLine:gloss;}">
        <Coords points="1092,2223 1376,2216 1375,2205 1369,2180 1097,2196 1092,2209"/>
        <Baseline points="1092,2209 1375,2205"/>
        <TextEquiv>
          <Unicode>i. anni quinquagesimi</Unicode>
        </TextEquiv>
      </TextLine>
      <TextLine id="eSc_line_0acd9401" custom="structure {type:InterlinearLine:signe_de_renvoi;}">
        <Coords points="1923,2237 1970,2237 1970,2210 1970,2172 1923,2169 1923,2210"/>
        <Baseline points="1926,2211 1971,2211"/>
        <TextEquiv>
          <Unicode></Unicode>
        </TextEquiv>
      </TextLine>
      <TextLine id="eSc_line_b66c73c9" custom="structure {type:InterlinearLine:signe_de_renvoi;}">
        <Coords points="2027,2225 2042,2237 2045,2237 2048,2237 2051,2237 2054,2237 2077,2222 2077,2207 2077,2175 2027,2175 2027,2207"/>
        <Baseline points="2028,2208 2078,2208"/>
        <TextEquiv>
          <Unicode>Φ</Unicode>
        </TextEquiv>
      </TextLine>
      <TextLine id="eSc_line_fee5a9e8" custom="structure {type:InterlinearLine:gloss;}">
        <Coords points="2428,2166 2398,2166 2368,2166 2338,2166 2309,2166 2279,2166 2249,2166 2220,2166 2190,2166 2160,2169 2131,2169 2131,2195 2128,2216 2445,2216 2448,2198 2445,2166 2428,2166"/>
        <Baseline points="2134,2197 2451,2200"/>
        <TextEquiv>
          <Unicode>hic uii anni ꝓuna die</Unicode>
        </TextEquiv>
      </TextLine>
      <TextLine id="eSc_line_194d1e44" custom="structure {type:InterlinearLine:gloss;}">
        <Coords points="2501,2189 2490,2198 2490,2234 2882,2201 2885,2181 2879,2159"/>
        <Baseline points="2493,2200 2610,2201 2886,2182"/>
        <TextEquiv>
          <Unicode>s. xluiiii . anni c̃tinent᷑ in ista</Unicode>
        </TextEquiv>
      </TextLine>
      <TextLine id="eSc_line_eec50f33" custom="structure {type:InterlinearLine:gloss;}">
        <Coords points="2787,2190 2757,2190 2727,2192 2698,2195 2701,2228 2701,2243 2852,2237 2852,2222 2843,2184 2816,2187"/>
        <Baseline points="2704,2231 2719,2229 2854,2223"/>
        <TextEquiv>
          <Unicode>ebdomada.</Unicode>
        </TextEquiv>
      </TextLine>
      <TextLine id="eSc_line_9e0ade0e" custom="structure {type:default;}">
        <Coords points="2588,2201 2499,2201 2493,2195 2439,2195 2439,2198 2131,2204 2098,2190 2089,2190 2059,2198 2054,2210 2024,2207 2012,2192 1976,2190 1964,2213 1935,2213 1926,2201 1923,2204 1887,2196 1849,2200 1822,2207 1774,2214 1713,2204 1675,2199 1620,2203 1558,2209 1516,2201 1415,2201 1371,2210 1113,2210 1104,2207 1086,2190 1050,2201 973,2187 958,2187 926,2210 786,2210 658,2187 661,2282 2689,2261 2689,2231 2677,2195"/>
        <Baseline points="663,2251 2620,2245 2690,2234"/>
        <TextEquiv>
          <Unicode>Sexta anni iubele̔i hoc ÷ remissionis ebdomada ẽ : q̃ .uii ebdomadibus annorũ hoc ÷ xluiiii annis</Unicode>
        </TextEquiv>
      </TextLine>
      <TextLine id="eSc_line_17649663" custom="structure {type:InterlinearLine:gloss;}">
        <Coords points="964,2265 966,2273 962,2306 1096,2310 1098,2310 1100,2310 1140,2298 1142,2286 1143,2274"/>
        <Baseline points="964,2284 1142,2286"/>
        <TextEquiv conf="0.9760631521542867">
          <Unicode>sexta specie</Unicode>
        </TextEquiv>
      </TextLine>
      <TextLine id="eSc_line_eb50f366" custom="structure {type:InterlinearLine:gloss;}">
        <Coords points="2790,2234 2674,2234 2662,2237 2632,2243 2603,2246 2573,2246 2543,2246 2514,2246 2484,2246 2454,2246 2425,2246 2395,2246 2365,2246 2335,2246 2306,2246 2276,2246 2246,2246 2217,2246 2187,2246 2157,2246 2128,2246 2098,2246 2068,2246 2039,2246 2009,2246 2000,2246 1415,2252 1418,2287 1418,2314 2796,2302 2799,2270 2796,2264 2793,2255"/>
        <Baseline points="1419,2288 2694,2282 2800,2272"/>
        <TextEquiv>
          <Unicode>s. ueniebant om̃s in ciuitatẽ ⁊ sonabant᷑ tubȩ . ⁊ seriu et ancillȩ dimittebantur liberi.</Unicode>
        </TextEquiv>
      </TextLine>
      <TextLine id="eSc_line_2d9208b7" custom="structure {type:InterlinearLine:gloss;}">
        <Coords points="2799,2270 2799,2296 2905,2282 2908,2261 2902,2222 2816,2231 2796,2264"/>
        <Baseline points="2802,2272 2910,2262"/>
        <TextEquiv conf="0.921903113524119">
          <Unicode>⁊ agri</Unicode>
        </TextEquiv>
      </TextLine>
      <TextLine id="eSc_line_e48cdd22" custom="structure {type:InterlinearLine:gloss;}">
        <Coords points="2867,2267 2843,2267 2799,2270 2781,2279 2760,2276 2718,2279 2724,2317 2724,2344 2899,2320 2902,2320 2905,2320 2905,2302 2896,2264"/>
        <Baseline points="2727,2319 2730,2319 2908,2304"/>
        <TextEquiv conf="0.9314716458320618">
          <Unicode>⁊ uineaereu</Unicode>
        </TextEquiv>
      </TextLine>
      <TextLine id="eSc_line_413882d0" custom="structure {type:default;}">
        <Coords points="706,2335 706,2359 750,2376 753,2376 756,2376 759,2376 807,2362 994,2376 997,2376 1264,2359 1341,2356 1374,2359 1442,2371 1445,2371 1641,2359 1774,2353 1875,2359 1950,2365 1953,2365 1956,2365 1959,2365 1964,2359 1979,2350 2086,2359 2146,2365 2148,2365 2190,2359 2288,2347 2401,2359 2425,2362 2428,2362 2448,2359 2576,2344 2707,2359 2709,2317 2701,2284 703,2290 706,2335"/>
        <Baseline points="708,2336 1526,2336 2711,2319"/>
        <TextEquiv>
          <Unicode>texitur. Qua expl&amp;a hoc ÷ quinquagesimo demũ anno incipiente tubȩ clarius resonabant.</Unicode>
        </TextEquiv>
      </TextLine>
      <TextLine id="eSc_line_a3a8534d" custom="structure {type:InterlinearLine:gloss;}">
        <Coords points="2654,2368 2920,2348 2931,2312 2846,2331 2653,2337 2654,2354"/>
        <Baseline points="2654,2354 2864,2344 2919,2323"/>
        <TextEquiv>
          <Unicode>tebantur ad priste</Unicode>
        </TextEquiv>
      </TextLine>
      <TextLine id="eSc_line_6c92e413" custom="structure {type:InterlinearLine:gloss;}">
        <Coords points="2831,2344 2802,2347 2772,2347 2742,2350 2712,2350 2686,2353 2656,2353 2650,2347 2623,2347 2629,2394 2629,2436 2707,2439 2709,2439 2712,2439 2715,2439 2736,2424 2751,2415 2757,2421 2769,2433 2772,2433 2775,2433 2778,2433 2858,2427 2861,2427 2911,2403 2911,2365 2899,2332 2888,2332 2861,2341"/>
        <Baseline points="2632,2395 2823,2389 2912,2366"/>
        <TextEquiv>
          <Unicode>nũ possessorẽ grati</Unicode>
        </TextEquiv>
      </TextLine>
      <TextLine id="eSc_line_b0dc8726" custom="structure {type:default;}">
        <Coords points="1842,2413 1832,2374 1561,2381 1555,2377 1534,2360 1532,2360 1530,2360 1528,2360 1526,2360 1486,2379 1478,2381 1462,2379 1397,2368 1395,2368 1393,2368 1369,2381 1367,2381 1359,2381 1308,2372 1306,2372 1304,2372 1282,2381 1280,2383 1278,2381 1249,2362 1247,2362 1245,2362 1243,2362 1241,2362 1239,2362 1219,2375 1175,2368 1173,2368 1171,2368 1136,2383 1021,2364 1019,2364 1017,2364 956,2385 922,2366 920,2366 918,2366 756,2366 754,2366 752,2366 750,2366 714,2385 716,2425 720,2451 734,2441 750,2451 760,2455 762,2455 764,2455 766,2455 777,2451 805,2439 894,2449 936,2453 938,2453 969,2449 1023,2439 1043,2447 1055,2453 1057,2453 1059,2455 1167,2455 1167,2453 1169,2453 1187,2447 1215,2435 1294,2435 1312,2445 1314,2447 1316,2447 1318,2447 1320,2447 1322,2447 1324,2447 1326,2445 1338,2433 1423,2433 1458,2443 1478,2449 1480,2449 1482,2449 1543,2443 1633,2433 1644,2441 1646,2441 1648,2441 1650,2441 1652,2441 1654,2441 1666,2431 1720,2441 1755,2447 1757,2447 1759,2447 1777,2441 1803,2431 1844,2439 1848,2415 1846,2413 1842,2413"/>
        <Baseline points="716,2425 1848,2415"/>
        <TextEquiv>
          <Unicode>&amp; ad om̃ uixta legẽ possessio  reuertebatur antiqua.</Unicode>
        </TextEquiv>
      </TextLine>
      <TextLine id="eSc_line_392fe76b" custom="structure {type:InterlinearLine:gloss;}">
        <Coords points="1982,2468 2059,2465 2059,2415 2054,2388 1979,2393 1982,2418"/>
        <Baseline points="1983,2420 2062,2417"/>
        <TextEquiv>
          <Unicode>daniel</Unicode>
        </TextEquiv>
      </TextLine>
      <TextLine id="eSc_line_857ca0e8" custom="structure {type:InterlinearLine:gloss;}">
        <Coords points="1800,2422 1792,2439 1792,2474 1905,2460 2255,2463 2261,2442 2267,2421"/>
        <Baseline points="1795,2440 1913,2441 2046,2439 2128,2437 2203,2438 2264,2444"/>
        <TextEquiv>
          <Unicode>s.  ꝓpheta iheremias confutuit illas</Unicode>
        </TextEquiv>
      </TextLine>
      <TextLine id="eSc_line_b8c53de7" custom="structure {type:InterlinearLine:gloss;}">
        <Baseline points="2722,2474 2830,2467"/>
        <TextEquiv>
          <Unicode></Unicode>
        </TextEquiv>
      </TextLine>
      <TextLine id="eSc_line_954e6902" custom="structure {type:default;}">
        <Coords points="708,2514 1041,2524 1043,2524 1631,2510 1648,2510 1650,2510 1710,2520 1712,2520 1765,2508 1773,2508 1779,2508 1825,2518 1827,2518 1922,2508 1929,2508 1935,2508 2052,2518 2054,2518 2391,2504 2707,2497 2720,2453 2325,2439 2323,2439 2321,2439 2266,2453 2131,2441 2129,2441 2058,2455 2050,2455 2036,2455 1892,2443 1890,2443 1888,2443 1886,2443 1870,2455 1868,2457 1749,2457 1747,2455 1728,2441 1726,2441 1724,2441 1629,2441 1627,2441 1625,2441 1623,2441 1603,2455 1599,2459 1516,2459 1494,2455 1381,2441 1379,2441 1290,2453 1144,2443 1142,2443 1064,2455 1031,2461 1007,2455 967,2445 965,2445 964,2445 962,2445 928,2455 910,2461 898,2455 876,2445 874,2445 872,2445 706,2455 708,2498"/>
        <Baseline points="708,2498 2691,2478"/>
        <TextEquiv>
          <Unicode>DE EBDOMADIBUS LXX PROPHAETICIS. uiiii</Unicode>
        </TextEquiv>
      </TextLine>
      <TextLine id="eSc_line_a4cc40ef" custom="structure {type:InterlinearLine:gloss;}">
        <Coords points="1350,2566 1439,2569 1442,2546 1442,2501 1350,2501 1350,2546"/>
        <Baseline points="1353,2548 1443,2548"/>
        <TextEquiv conf="0.9990250766277313">
          <Unicode>specie</Unicode>
        </TextEquiv>
      </TextLine>
      <TextLine id="eSc_line_96fb4d34" custom="structure {type:InterlinearLine:signe_de_renvoi;}">
        <Coords points="1976,2560 2033,2552 2033,2537 2030,2495 1976,2495 1976,2537"/>
        <Baseline points="1977,2539 2036,2538"/>
        <TextEquiv>
          <Unicode></Unicode>
        </TextEquiv>
      </TextLine>
      <TextLine id="eSc_line_fd6f2b58" custom="structure {type:InterlinearLine:gloss;}">
        <Coords points="2090,2512 2092,2532 2092,2550 2440,2541 2442,2526 2442,2506"/>
        <Baseline points="2092,2532 2442,2526"/>
        <TextEquiv>
          <Unicode>s. una q̃q. hab̶ uii annos</Unicode>
        </TextEquiv>
      </TextLine>
      <TextLine id="eSc_line_af3e61cf" custom="structure {type:InterlinearLine:gloss;}">
        <Coords points="2571,2530 2644,2546 2646,2546 2648,2546 2668,2534 2678,2530 2824,2540 2826,2518 2821,2492 2569,2496 2571,2524"/>
        <Baseline points="2571,2524 2826,2518"/>
        <TextEquiv>
          <Unicode>s. ex illis lxx.</Unicode>
        </TextEquiv>
      </TextLine>
      <TextLine id="eSc_line_aaeca668" custom="structure {type:default;}">
        <Coords points="2662,2539 2505,2539 2476,2539 2426,2547 2113,2550 1966,2556 1946,2541 1910,2540 1862,2552 1725,2549 1706,2527 1440,2557 1364,2562 1254,2520 1253,2520 1251,2520 1207,2542 1203,2544 1193,2542 1086,2520 1084,2520 872,2552 751,2521 683,2520 686,2662 774,2659 770,2599 868,2601 918,2597 944,2609 988,2599 1055,2597 1057,2597 1146,2609 1148,2609 1294,2597 1373,2609 1375,2609 1397,2607 1428,2608 1453,2603 1553,2591 1722,2589 1872,2587 1878,2587 1967,2605 1969,2605 1971,2605 1997,2595 2413,2598 2420,2599 2422,2599 2466,2581 2587,2579 2632,2579 2634,2579 2670,2589 2672,2589 2674,2591 2674,2589 2676,2589 2715,2577 2752,2571 2766,2533 2709,2522"/>
        <Baseline points="732,2587 1759,2573 2246,2583 2587,2563 2747,2559"/>
        <TextEquiv>
          <Unicode>Septima species ebdomadis ẽ. qua ꝓph&amp;a danibel utitur. More quidem legis septenis annis singulas</Unicode>
        </TextEquiv>
      </TextLine>
      <TextLine id="eSc_line_d878b9e7" custom="structure {type:InterlinearLine:gloss;}">
        <Coords points="771,2650 789,2637 849,2645 884,2648 886,2648 1009,2633 1011,2621 1007,2595 766,2605 768,2625"/>
        <Baseline points="768,2625 1011,2621"/>
        <TextEquiv>
          <Unicode>s. illa species</Unicode>
        </TextEquiv>
      </TextLine>
      <TextLine id="eSc_line_cec8c0e3" custom="structure {type:InterlinearLine:gloss;}">
        <Coords points="1994,2605 1890,2607 1826,2600 1735,2596 1479,2598 1229,2593 1229,2621 1229,2631 2023,2639 2024,2621 2024,2591"/>
        <Baseline points="1229,2621 2024,2621"/>
        <TextEquiv>
          <Unicode>s.  antea ñ fuerat hoc factũ. s. Lxx ebdomadar̃. s. daniel</Unicode>
        </TextEquiv>
      </TextLine>
      <TextLine id="eSc_line_50183d6a" custom="structure {type:InterlinearLine:gloss;}">
        <Coords points="2272,2641 2434,2625 2434,2611 2433,2592 2269,2602 2272,2621"/>
        <Baseline points="2272,2621 2434,2611"/>
        <TextEquiv>
          <Unicode>s. ñ tertienis</Unicode>
        </TextEquiv>
      </TextLine>
      <TextLine id="eSc_line_45e786e8" custom="structure {type:InterlinearLine:gloss;}">
        <Coords points="2542,2584 2527,2605 2527,2627 2872,2605 2868,2585 2860,2538 2804,2570 2780,2571 2762,2574 2628,2577"/>
        <Baseline points="2527,2605 2868,2585"/>
        <TextEquiv>
          <Unicode>s. illar̃ lxx ebdomadar̃</Unicode>
        </TextEquiv>
      </TextLine>
      <TextLine id="eSc_line_4e330c95" >
        <Coords points="2707,2593 2677,2596 2647,2596 2647,2623 2647,2641 2709,2644 2712,2623 2712,2593 2707,2593"/>
        <Baseline points="2650,2625 2714,2625"/>
        <TextEquiv conf="0.9928334474563598">
          <Unicode>annos</Unicode>
        </TextEquiv>
      </TextLine>
      <TextLine id="eSc_line_3d07579a" custom="structure {type:default;}">
        <Coords points="2712,2623 2653,2626 2632,2608 2570,2614 2531,2599 2297,2620 2267,2620 2255,2605 2172,2602 2148,2617 2012,2602 2000,2623 1228,2623 1222,2614 997,2611 991,2623 783,2623 771,2611 753,2611 756,2700 1065,2685 2564,2685 2567,2682 2775,2685 2778,2649 2769,2599 2733,2599 2712,2623"/>
        <Baseline points="757,2664 1775,2656 2779,2650"/>
        <TextEquiv>
          <Unicode>cõplectens ebdomadas; sed noua ratione ipsos annos adbreiuans duo denis uidelic&amp; m̃sibus lunȩ singulos</Unicode>
        </TextEquiv>
      </TextLine>
      <TextLine id="eSc_line_4fc347c5" custom="structure {type:InterlinearLine:gloss;}">
        <Coords points="1070,2694 1068,2713 1274,2713 1278,2702 1284,2684 1067,2684"/>
        <Baseline points="1070,2694 1275,2700"/>
        <TextEquiv>
          <Unicode>suꝑcrescentes</Unicode>
        </TextEquiv>
      </TextLine>
      <TextLine id="eSc_line_728924d0" custom="structure {type:InterlinearLine:gloss;}">
        <Coords points="1774,2691 1774,2712 1950,2721 1953,2691 1953,2658 1798,2655 1774,2658"/>
        <Baseline points="1775,2692 1955,2692"/>
        <TextEquiv conf="0.9484590021046725">
          <Unicode>adiectionũ</Unicode>
        </TextEquiv>
      </TextLine>
      <TextLine id="eSc_line_38a4cf48" custom="structure {type:InterlinearLine:gloss;}">
        <Coords points="2337,2666 2337,2704 2288,2706 2207,2710 2047,2709 2047,2666"/>
        <Baseline points="2047,2692 2337,2692"/>
        <TextEquiv conf="0.9830167417724928">
          <Unicode>s. ĩ t̃tio ł scđo anno.</Unicode>
        </TextEquiv>
      </TextLine>
      <TextLine id="eSc_line_096a1739" custom="structure {type:InterlinearLine:gloss;}">
        <Coords points="2551,2704 2678,2702 2680,2686 2676,2662 2549,2662 2551,2688"/>
        <Baseline points="2551,2688 2680,2686"/>
        <TextEquiv conf="0.9681282341480255">
          <Unicode>pat̃na</Unicode>
        </TextEquiv>
      </TextLine>
      <TextLine id="eSc_line_d936b719" custom="structure {type:default;}">
        <Coords points="2500,2691 2451,2692 2420,2688 2376,2696 2337,2692 2317,2694 2298,2694 2288,2694 2286,2696 2280,2700 1999,2701 1826,2717 1745,2698 1743,2696 1706,2678 1704,2678 1702,2678 1700,2678 1658,2696 1652,2700 1579,2706 1551,2696 1516,2684 1514,2684 1512,2684 1510,2684 1480,2696 1470,2700 1433,2696 1295,2706 1217,2716 1070,2718 1045,2693 999,2684 997,2684 952,2698 898,2712 813,2710 777,2698 746,2688 744,2688 742,2688 740,2688 714,2696 716,2747 716,2767 1355,2758 1394,2758 1456,2759 1482,2757 1508,2759 1595,2767 1597,2767 1599,2767 1623,2757 1631,2755 1656,2757 1730,2765 1732,2765 2141,2753 2228,2761 2230,2761 2232,2761 2274,2749 2282,2749 2323,2749 2579,2757 2581,2757 2583,2757 2604,2747 2604,2745 2795,2743 2795,2724 2793,2696 2676,2701 2541,2703"/>
        <Baseline points="716,2747 1961,2739 2412,2724 2795,2724"/>
        <TextEquiv>
          <Unicode>déterminans. Embolis mos uero m̃ses qui de annuis xi epactarũ dieb; adcrescere solent. ñ lege patria t̃tio</Unicode>
        </TextEquiv>
      </TextLine>
      <TextLine id="eSc_line_d0c1134c" custom="structure {type:InterlinearLine:gloss;}">
        <Coords points="958,2801 1142,2795 1316,2778 1321,2751 960,2760 960,2779"/>
        <Baseline points="960,2779 1189,2777 1300,2767"/>
        <TextEquiv>
          <Unicode>s. embolismos m̃ses sicuti nos.</Unicode>
        </TextEquiv>
      </TextLine>
      <TextLine id="eSc_line_410dd5de" custom="structure {type:InterlinearLine:gloss;}">
        <Coords points="2243,2765 2243,2789 2422,2780 2422,2765 2422,2730 2243,2730 2243,2765"/>
        <Baseline points="2244,2767 2425,2766"/>
        <TextEquiv>
          <Unicode>embolismi</Unicode>
        </TextEquiv>
      </TextLine>
      <TextLine id="eSc_line_6d6a6afb" custom="structure {type:InterlinearLine:signe_de_renvoi;}">
        <Coords points="2579,2801 2683,2795 2683,2765 2683,2730 2579,2727 2579,2765"/>
        <Baseline points="2580,2767 2684,2766"/>
        <TextEquiv>
          <Unicode></Unicode>
        </TextEquiv>
      </TextLine>
      <TextLine id="eSc_line_d497623b" custom="structure {type:InterlinearLine:gloss;}">
        <Coords points="1243,2768 1246,2789 1246,2813 1338,2804 1338,2783 1329,2744 1297,2744 1273,2768"/>
        <Baseline points="1248,2791 1339,2784"/>
        <TextEquiv>
          <Unicode>daniel</Unicode>
        </TextEquiv>
      </TextLine>
      <TextLine id="eSc_line_4591842b" custom="structure {type:default;}">
        <Coords points="872,2803 811,2785 803,2783 801,2783 799,2783 706,2785 708,2838 708,2858 1209,2868 1211,2868 1292,2852 1300,2850 1429,2850 1439,2852 1502,2864 1504,2864 1555,2854 1668,2862 1670,2862 1672,2862 1712,2848 1720,2846 1728,2848 1773,2860 1775,2860 1777,2860 1866,2846 1888,2844 1916,2846 2052,2858 2054,2858 2145,2846 2220,2856 2222,2856 2306,2842 2319,2840 2353,2842 2557,2852 2559,2852 2727,2836 2729,2815 2723,2773 2426,2783 2477,2754 2409,2770 2388,2782 2376,2783 2343,2787 2278,2785 2231,2792 2224,2767 2222,2767 2155,2767 2153,2767 2094,2769 2092,2769 2074,2777 2042,2791 1874,2793 1722,2793 1692,2779 1676,2773 1674,2773 1672,2773 1524,2781 1458,2783 1450,2781 1433,2775 1431,2775 1328,2810"/>
        <Baseline points="708,2838 2729,2815"/>
        <TextEquiv>
          <Unicode>uł altero anno singulos adiciens . sed ubi ad duodecimũ numerũ augescendo ꝑuenirént ꝓ̃ integro anno</Unicode>
        </TextEquiv>
      </TextLine>
      <TextLine id="eSc_line_932afbbb" custom="structure {type:default;}">
        <Coords points="710,2957 775,2943 823,2955 825,2955 827,2955 829,2955 874,2939 1173,2945 1175,2945 1274,2935 1326,2945 1340,2947 1342,2947 1401,2943 1518,2935 1547,2941 1575,2945 1577,2945 1579,2945 1581,2945 1589,2939 1605,2929 1696,2937 1745,2941 1747,2941 1781,2935 1817,2929 1846,2933 1888,2941 1890,2941 2046,2939 2048,2939 2076,2929 2094,2923 2167,2927 2296,2935 2298,2935 2300,2935 2329,2923 2343,2920 2430,2920 2440,2921 2478,2933 2480,2933 2482,2933 2698,2929 2699,2929 2701,2929 2723,2916 2725,2916 2787,2916 2789,2896 2783,2840 2678,2860 2575,2864 2410,2864 2361,2850 2343,2844 2341,2844 2339,2844 2293,2868 2272,2859 2116,2856 2098,2864 2070,2856 2052,2852 2050,2852 2048,2852 2023,2858 1971,2870 1941,2860 1918,2850 1916,2850 1914,2850 1912,2850 1888,2860 1862,2872 1793,2862 1735,2856 1734,2856 1688,2866 1646,2876 1549,2876 1532,2870 1512,2862 1510,2862 1508,2862 1506,2862 1490,2870 1476,2878 1300,2880 1270,2876 1217,2866 1215,2866 1152,2878 1150,2878 1148,2878 1090,2862 1088,2862 1086,2862 888,2864 708,2888 710,2923"/>
        <Baseline points="710,2923 2789,2896"/>
        <TextEquiv>
          <Unicode>pariṭ̃ inferens. Hoc aut̃ fecit ñ ueritatis cognitionẽ querentib. inuidendo . sed ꝓph&amp;iȩ more ipsũ q̃rentiũ</Unicode>
        </TextEquiv>
      </TextLine>
    </TextRegion>
    <TextRegion id="eSc_textblock_86f6e9b1"  custom="structure {type:MarginTextZone:lower;}">
      <Coords points="74,2943 88,3446 436,3471 693,3489 1772,3485 2920,3447 2921,2936"/>
      <TextLine id="eSc_line_9f2c6478" custom="structure {type:InterlinearLine:signe_de_renvoi;}">
        <Coords points="1095,2940 1095,2949 1098,2976 1127,2967 1127,2949 1127,2940 1124,2940"/>
        <Baseline points="1097,2952 1128,2952"/>
        <TextEquiv>
          <Unicode>:</Unicode>
        </TextEquiv>
      </TextLine>
      <TextLine id="eSc_line_53600670" custom="structure {type:InterlinearLine:signe_de_renvoi;}">
        <Coords points="1490,2946 1490,2964 1519,2958 1519,2946 1516,2937 1490,2940"/>
        <Baseline points="1491,2949 1522,2947"/>
        <TextEquiv>
          <Unicode>:</Unicode>
        </TextEquiv>
      </TextLine>
      <TextLine id="eSc_line_bc45aa2a" custom="structure {type:InterlinearLine:signe_de_renvoi;}">
        <Coords points="605,3053 647,3047 647,3000 641,2946 605,2958 605,3000"/>
        <Baseline points="607,3003 650,3001"/>
        <TextEquiv>
          <Unicode>Φ</Unicode>
        </TextEquiv>
      </TextLine>
      <TextLine id="eSc_line_bbeb3dcc" custom="structure {type:MarginalLine:gloss;}">
        <Coords points="803,2947 805,2947 888,2957 920,2959 928,2955 946,2943 987,2949 1074,2944 1096,2969 1201,2947 1219,2953 1507,2964 1633,2943 1701,2935 1730,2938 1756,2945 1791,2943 1868,2947 1914,2946 1972,2951 2018,2943 2118,2937 2161,2921 2163,2921 2242,2916 2246,2916 2254,2918 2276,2925 2319,2916 2353,2910 2436,2910 2444,2914 2488,2929 2672,2929 2745,2904 2751,2904 2876,2902 2882,2937 2882,2969 2680,2975 2648,2991 2644,2991 2428,2981 2357,2979 2240,2987 2042,2989 1907,2989 1870,2993 1825,2997 1811,2993 1765,2999 1696,3007 1694,3007 1654,3001 1601,2993 1553,3003 1520,3011 1290,3007 1256,3014 1231,3013 1154,3001 659,3024 657,2959"/>
        <Baseline points="658,3001 1171,2983 2561,2967 2882,2937"/>
        <TextEquiv>
          <Unicode>Ista ui ebdoma efficit᷑ ex ebdomada quintȩ species septies cõputata. ⁊ ideo dic̃ ex uii ebdomadib; annor̃. In u ⫲ ebdomada c̃tinent᷑ uii anni. In ista uͦ</Unicode>
        </TextEquiv>
      </TextLine>
      <TextLine id="eSc_line_ae379f56" custom="structure {type:MarginalLine:gloss;}">
        <Coords points="669,3062 870,3070 872,3070 874,3070 902,3060 904,3060 1015,3066 1017,3066 1019,3066 1021,3066 1031,3058 1035,3054 1062,3056 1134,3064 1136,3064 1138,3064 1165,3054 1181,3050 1253,3054 1367,3060 1369,3060 1371,3060 1397,3052 1415,3046 1431,3050 1450,3056 1452,3056 1454,3056 1456,3056 1472,3050 1488,3042 1660,3042 1672,3046 1688,3054 1690,3054 1692,3054 1694,3054 1696,3054 1696,3052 1704,3046 1710,3040 1726,3046 1743,3052 1745,3052 1747,3054 1793,3054 1793,3052 1795,3052 1797,3052 1807,3044 1815,3038 1834,3044 1854,3050 1856,3050 1858,3050 1900,3044 1943,3036 2032,3040 2034,3018 2026,2979 1977,2995 1892,2995 1870,2983 1868,2983 1866,2983 1864,2983 1862,2983 1860,2983 1842,2995 1813,2985 1807,2983 1805,2983 1803,2983 1801,2983 1799,2983 1799,2985 1797,2985 1785,2999 1613,2999 1599,2991 1591,2987 1589,2987 1587,2987 1551,2993 1484,3003 1460,2995 1450,2991 1448,2991 1446,2991 1445,2991 1435,2995 1421,3003 1369,2997 1326,2993 1324,2993 1322,2993 1302,2999 1278,3007 1258,3001 1239,2995 1237,2995 1235,2995 1193,3003 1167,3007 1140,3005 1076,2997 1074,2997 1072,2997 1041,3007 1027,3011 1013,3007 977,2999 975,2999 973,2999 971,2999 952,3009 942,3014 841,3014 831,3013 793,3003 791,3003 789,3003 787,3003 758,3014 752,3018 667,3018 669,3048"/>
        <Baseline points="669,3048 1175,3030 2034,3018"/>
        <TextEquiv>
          <Unicode>c̃tinent᷑ uii anni septies. superius ⫲ annꝰ ꝓ una die ponit᷑ . hic uii anni ꝓ una dieponunt᷑.</Unicode>
        </TextEquiv>
      </TextLine>
      <TextLine id="eSc_line_59e470aa" custom="structure {type:InterlinearLine:signe_de_renvoi;}">
        <Coords points="578,3133 650,3118 650,3098 650,3044 578,3038 578,3098"/>
        <Baseline points="579,3100 653,3100"/>
        <TextEquiv>
          <Unicode></Unicode>
        </TextEquiv>
      </TextLine>
      <TextLine id="eSc_line_68b34d66" custom="structure {type:MarginalLine:gloss;}">
        <Coords points="1997,3020 1967,3020 1938,3020 1908,3020 1878,3020 1867,3020 1804,3020 1789,3023 1760,3023 1730,3023 813,3041 810,3044 792,3044 736,3044 721,3047 691,3047 688,3044 661,3044 664,3098 664,3127 2410,3083 2410,3053 2404,3009 2027,3014 2027,3020"/>
        <Baseline points="667,3100 940,3100 1205,3080 1894,3064 2120,3050 2412,3056"/>
        <TextEquiv>
          <Unicode>More legis dic̃  similit̃ cõplectunt᷑ ĩ ista specie singulae ebdomades septenis annis . sicuti ĩ ui specie faciunt legalit̃ i. ꝑ legẽ.</Unicode>
        </TextEquiv>
      </TextLine>
      <TextLine id="eSc_line_8bd60f76" custom="structure {type:InterlinearLine:gloss;}">
        <Coords points="1961,3148 1991,3148 2021,3145 2048,3145 2051,3127 2047,3104 1958,3109 1961,3130"/>
        <Baseline points="1962,3131 2053,3129"/>
        <TextEquiv>
          <Unicode>cnnũ</Unicode>
        </TextEquiv>
      </TextLine>
      <TextLine id="eSc_line_b98d0ed4" custom="structure {type:MarginalLine:gloss;}">
        <Coords points="2324,3145 2573,3133 2591,3130 2620,3127 2650,3124 2680,3124 2914,3089 2914,3053 2899,3020 2318,3077 2324,3115"/>
        <Baseline points="2326,3118 2420,3124 2597,3117 2692,3107 2808,3088 2907,3057 2916,3055"/>
        <TextEquiv>
          <Unicode>s. et c̃ueniebat ibi cursꝰ solis ⁊ lunae</Unicode>
        </TextEquiv>
      </TextLine>
      <TextLine id="eSc_line_cdf757e7" custom="structure {type:InterlinearLine:signe_de_renvoi;}">
        <Coords points="560,3222 641,3219 641,3181 635,3127 555,3121 560,3184"/>
        <Baseline points="562,3185 644,3183"/>
        <TextEquiv>
          <Unicode></Unicode>
        </TextEquiv>
      </TextLine>
      <TextLine id="eSc_line_1a5dff15" custom="structure {type:MarginalLine:gloss;}">
        <Coords points="2819,3080 2793,3121 2674,3121 2644,3124 2525,3124 2466,3127 2436,3145 2377,3145 2347,3121 2318,3118 2312,3106 2241,3109 2208,3095 2202,3095 2055,3137 1963,3138 1914,3112 1736,3095 1510,3118 1460,3104 1196,3109 1047,3139 955,3127 934,3145 804,3121 774,3142 661,3142 661,3213 1409,3184 1611,3195 1638,3193 1733,3175 2481,3175 2481,3172 2804,3145 2882,3157 2885,3106 2873,3068 2849,3071 2849,3077"/>
        <Baseline points="664,3177 799,3183 952,3188 1122,3171 1237,3157 1460,3152 1645,3154 1773,3143 1922,3152 2024,3152 2189,3142 2312,3150 2498,3149 2641,3133 2782,3130 2887,3109"/>
        <TextEquiv>
          <Unicode>s. ñ in hoc abbreauit illos annos ut tolleret iñ embolismos ubi ⫲ embolismi m̃ses ad xii numerũ uenirent ꝓ integro anno interferendos</Unicode>
        </TextEquiv>
      </TextLine>
      <TextLine id="eSc_line_eb3fe53a" custom="structure {type:MarginalLine:gloss;}">
        <Coords points="720,3250 1089,3237 1209,3238 1217,3234 1440,3220 1891,3224 1980,3219 2062,3223 2133,3222 2135,3222 2280,3224 2282,3224 2571,3218 2856,3181 2888,3158 2852,3143 2688,3145 2686,3145 2680,3147 2646,3159 2583,3153 2581,3153 2579,3153 2527,3171 2319,3171 2225,3170 2194,3172 2166,3184 2131,3177 2016,3171 1957,3179 1840,3176 1526,3180 1183,3189 1157,3193 1122,3191 1051,3201 963,3203 718,3200 720,3232"/>
        <Baseline points="720,3232 1128,3222 1375,3206 2440,3204 2863,3160"/>
        <TextEquiv>
          <Unicode>innotuit . sꝯ ĩ hoc illos abbreuiauit  omnib illis xii m̃ sestantũ dedit. Minores ⫲ annos nr̃is annis qui xiii m̃ses ĩ tertio ł scđo loco</Unicode>
        </TextEquiv>
      </TextLine>
      <TextLine id="eSc_line_d3a166a2" custom="structure {type:MarginalLine:gloss;}">
        <Coords points="1906,3217 1811,3226 1783,3219 1763,3218 1738,3226 1710,3220 1639,3225 1547,3224 1472,3218 1315,3232 1146,3246 985,3245 922,3243 894,3255 700,3254 700,3276 703,3289 843,3289 1269,3268 1379,3258 1411,3260 1447,3260 1478,3258 1515,3258 1589,3272 1591,3272 1619,3258 1749,3256 1840,3256 1880,3255 2102,3264 2507,3256 2717,3232 2864,3222 2905,3188 2896,3172 2691,3204 2604,3212 2504,3221 2171,3220"/>
        <Baseline points="700,3276 962,3274 1413,3244 2450,3242 2832,3211 2893,3185"/>
        <TextEquiv>
          <Unicode>habent in tulit ⁊ plures. Ergo pꝯ xxxiiii annos ubi embolismi m̃ses ad duodecimũ numerũ ueniunt designauit in annũ facere.⁊ sic ĩ antea</Unicode>
        </TextEquiv>
      </TextLine>
      <TextLine id="eSc_line_e2397381" custom="structure {type:InterlinearLine:gloss;}">
        <Coords points="1261,3255 1261,3270 1261,3287 1303,3279 1303,3270 1303,3252 1291,3252"/>
        <Baseline points="1264,3272 1304,3271"/>
        <TextEquiv>
          <Unicode>tos</Unicode>
        </TextEquiv>
      </TextLine>
      <TextLine id="eSc_line_df9711fb" custom="structure {type:MarginalLine:gloss;}">
        <Coords points="2597,3248 2395,3260 2337,3263 2166,3266 1846,3259 1634,3259 1328,3270 1284,3277 759,3299 698,3297 698,3323 698,3343 870,3329 996,3322 1119,3318 1183,3316 1201,3326 1209,3309 1248,3306 1332,3307 1827,3295 2009,3291 2081,3294 2141,3295 2567,3284 2593,3284 2682,3272 2762,3265 2906,3245 2902,3220"/>
        <Baseline points="698,3323 1670,3280"/>
        <TextEquiv>
          <Unicode>usq. ad finẽ lxx ebdomadar̃ i. usq. ad ccccxc annos: uñ s.  ñ cõpetant᷑ ĩ hac supputatione anni xiii m̃siũ sꝯ xii tantũ sit ut plures anni</Unicode>
        </TextEquiv>
      </TextLine>
      <TextLine id="eSc_line_44a6f8ab" custom="structure {type:MarginalLine:gloss;}">
        <Coords points="2508,3290 2469,3296 2418,3293 2230,3304 2112,3301 2068,3291 2024,3296 1981,3294 1920,3293 1251,3313 1162,3322 699,3350 702,3387 1269,3351 1872,3332 2025,3339 2146,3338 2245,3339 2339,3340 2409,3336 2535,3333 2704,3314 2909,3286 2926,3256 2718,3272 2600,3280"/>
        <Baseline points="703,3369 1318,3330 1823,3313 2327,3317 2757,3291 2916,3269"/>
        <TextEquiv>
          <Unicode>intelligant᷑ nr̃is annis ⁊ minores. et si aliquis scił mistã supputationẽ annos cõputaret nullius ȩtas tanta ĩtelligi potuisset sicuti ẽnc̃ semꝑ</Unicode>
        </TextEquiv>
      </TextLine>
      <TextLine id="eSc_line_b68d872a" custom="structure {type:MarginalLine:gloss;}">
        <Coords points="705,3389 704,3419 758,3436 797,3426 1326,3398 1528,3383 1572,3385 1600,3381 1623,3381 1676,3375 1676,3351 1673,3332"/>
        <Baseline points="711,3406 1676,3351"/>
        <TextEquiv>
          <Unicode>dũ om̃i aetas scđam maiores ⁊ pauciores annos ẽ cõputata</Unicode>
        </TextEquiv>
      </TextLine>
    </TextRegion>
    <TextRegion id="eSc_textblock_f30b6e39"  custom="structure {type:MarginTextZone:inner;}">
      <Coords points="2799,393 2803,2931 2878,2926 2933,2922 2942,372"/>
    </TextRegion>
  </Page>
</PcGts>
