<?xml version="1.0" encoding="UTF-8"  standalone="yes"?>
<PcGts xmlns="http://schema.primaresearch.org/PAGE/gts/pagecontent/2019-07-15" xmlns:xsi="http://www.w3.org/2001/XMLSchema-instance" xsi:schemaLocation="http://schema.primaresearch.org/PAGE/gts/pagecontent/2019-07-15 http://schema.primaresearch.org/PAGE/gts/pagecontent/2019-07-15/pagecontent.xsd">
  <Metadata externalRef="mets//export_doc1_ber1832_pagexml_202409241745.zip/62_beb42_default.jpg">
	<Creator>escriptorium</Creator>
	<Created>2024-10-14T13:31:17.228789+00:00</Created>
        <LastChange>2024-12-03T14:21:37.873647+00:00</LastChange>
  </Metadata>
  <Page imageFilename="62_beb42_default.jpg" imageWidth="2958" imageHeight="3561">
    <TextRegion id="eSc_textblock_0d1054c8"  custom="structure {type:MarginTextZone:upper;}">
      <Coords points="2872,112 2880,426 45,370 45,49 2701,108 2681,108 2681,308 2843,308 2843,111"/>
      <TextLine id="eSc_line_412f8e4c" custom="structure {type:InterlinearLine:gloss;}">
        <Coords points="2319,210 2321,262 2350,259 2637,262 2639,249 2640,222"/>
        <Baseline points="2331,241 2639,249"/>
        <TextEquiv>
          <Unicode>i. pͥmo Li ⁊ ulti mo nsõ</Unicode>
        </TextEquiv>
      </TextLine>
      <TextLine id="eSc_line_70ac7f39" custom="structure {type:InterlinearLine:signe_de_renvoi;}">
        <Coords points="178,278 178,261 178,204 124,192 121,261 121,290"/>
        <Baseline points="124,263 181,264"/>
        <TextEquiv>
          <Unicode></Unicode>
        </TextEquiv>
      </TextLine>
      <TextLine id="eSc_line_a3aa55b5" custom="structure {type:MarginalLine:gloss;}">
        <Coords points="193,285 2613,302 2606,273 2245,241 203,236 196,261"/>
        <Baseline points="198,264 842,276 2018,271 2611,286"/>
        <TextEquiv>
          <Unicode>Quãuis ⫲diuerse ponamꝰ regulares diuerseq. annũ incipiamꝰ. tam̃ endẽ luna ĩuenit᷑ ĩuenit᷑ ⁊ ap̃ nos ⁊ ap̃ illos ĩ kł septẽbris. ⁊ ĩ kł omniũ m̃siũ nisi ĩ xuiiii anno</Unicode>
        </TextEquiv>
      </TextLine>
      <TextLine id="eSc_line_b1be6181" custom="structure {type:MarginalLine:gloss;}">
        <Coords points="2219,303 2184,294 2115,308 2056,309 1927,292 1887,294 1775,296 217,288 215,320 213,339 324,336 714,336 787,338 873,342 1060,342 1108,356 1117,358 1119,358 1121,358 1135,356 1179,346 1299,352 1301,352 1386,342 1598,356 1600,356 1671,346 1719,360 1721,360 1723,360 1725,360 1739,360 1911,346 2014,360 2016,360 2099,346 2144,362 2148,364 2150,364 2152,365 2263,365 2263,364 2265,364 2267,364 2307,350 2364,364 2368,364 2773,365 2777,346 2775,340 2772,315"/>
        <Baseline points="215,320 2047,324 2777,346"/>
        <TextEquiv>
          <Unicode>ubi saltꝰ sit. illas ⫲ epactas habent illi semꝑ ĩ kł septẽbris. quas nos ĩ kł ianuaris habebimꝰ. illi ⫲ a septẽbri ĩ&amp; annũ ibiq. mutant epactas. ⁊ nos similit̃ a ianuario ĩu annũ</Unicode>
        </TextEquiv>
      </TextLine>
      <TextLine id="eSc_line_32a26f3c" custom="structure {type:MarginalLine:gloss;}">
        <Coords points="1049,337 1037,344 1017,347 927,348 869,348 846,332 832,351 732,344 716,330 436,339 397,332 184,342 180,360 178,383 1098,377 1100,364 1097,351 1083,344 1070,338"/>
        <Baseline points="180,360 1100,364"/>
        <TextEquiv>
          <Unicode>⁊ ibi mutamꝰ epactas.  epactȩ faciunt illã c̃uenientiã</Unicode>
        </TextEquiv>
      </TextLine>
    </TextRegion>
    <TextRegion id="eSc_textblock_65379e2c"  custom="structure {type:MarginTextZone:inner;}">
      <Coords points="26,381 26,2865 105,2865 157,381"/>
      <TextLine id="eSc_line_eba2b7ac" custom="structure {type:InterlinearLine:signe_de_renvoi;}">
        <Coords points="26,1638 62,1661 77,1643 92,1581 53,1569 32,1626"/>
        <Baseline points="34,1628 79,1644"/>
        <TextEquiv>
          <Unicode></Unicode>
        </TextEquiv>
      </TextLine>
      <TextLine id="eSc_line_c1528c08" custom="structure {type:MarginalLine:gloss;}">
        <Coords points="59,1638 32,1629 29,1661 23,1688 139,1715 145,1685 145,1646 59,1629 59,1638"/>
        <Baseline points="32,1663 73,1688 148,1687"/>
        <TextEquiv>
          <Unicode>t̃tius ⫲ em</Unicode>
        </TextEquiv>
      </TextLine>
      <TextLine id="eSc_line_49557493" custom="structure {type:MarginalLine:gloss;}">
        <Coords points="112,1688 83,1688 56,1679 44,1673 29,1694 20,1730 50,1753 53,1753 56,1753 136,1756 142,1733 148,1697 112,1685 112,1688"/>
        <Baseline points="31,1697 56,1722 143,1734"/>
        <TextEquiv>
          <Unicode>ĩbolism̃ ĩpri</Unicode>
        </TextEquiv>
      </TextLine>
      <TextLine id="eSc_line_2f1fc4e9" custom="structure {type:MarginalLine:gloss;}">
        <Coords points="83,1727 53,1724 26,1735 14,1774 121,1801 130,1774 133,1735 89,1727 83,1727"/>
        <Baseline points="29,1737 51,1764 132,1776"/>
        <TextEquiv>
          <Unicode>enonis</Unicode>
        </TextEquiv>
      </TextLine>
      <TextLine id="eSc_line_dc4bcaca" custom="structure {type:MarginalLine:gloss;}">
        <Coords points="115,1774 86,1768 56,1765 38,1750 29,1774 20,1801 124,1830 136,1807 139,1771 118,1765 115,1774"/>
        <Baseline points="32,1775 54,1796 139,1809"/>
        <TextEquiv>
          <Unicode>narui sem</Unicode>
        </TextEquiv>
      </TextLine>
      <TextLine id="eSc_line_04b98252" custom="structure {type:MarginalLine:gloss;}">
        <Coords points="112,1804 83,1801 53,1798 26,1813 17,1848 124,1863 130,1839 130,1804 112,1804"/>
        <Baseline points="28,1815 50,1833 133,1842"/>
        <TextEquiv>
          <Unicode>ꝑĩap̃. uii</Unicode>
        </TextEquiv>
      </TextLine>
      <TextLine id="eSc_line_5002f473" custom="structure {type:MarginalLine:gloss;}">
        <Coords points="83,1836 53,1833 47,1827 32,1827 23,1860 14,1899 136,1911 142,1887 142,1845 92,1836 83,1836"/>
        <Baseline points="26,1861 47,1878 145,1890"/>
        <TextEquiv>
          <Unicode>⫲ ẽbolismi</Unicode>
        </TextEquiv>
      </TextLine>
      <TextLine id="eSc_line_8d84c61a" custom="structure {type:MarginalLine:gloss;}">
        <Coords points="112,1884 83,1881 53,1878 26,1899 20,1925 130,1952 136,1925 136,1887 124,1884 112,1884"/>
        <Baseline points="28,1902 58,1924 138,1928"/>
        <TextEquiv>
          <Unicode>decẽnoue</Unicode>
        </TextEquiv>
      </TextLine>
      <TextLine id="eSc_line_5e4b4e71" custom="structure {type:MarginalLine:gloss;}">
        <Coords points="83,1925 53,1922 26,1934 14,1961 98,1994 109,1970 112,1934 83,1925 83,1925"/>
        <Baseline points="27,1937 50,1963 111,1972"/>
        <TextEquiv>
          <Unicode>nał cicli</Unicode>
        </TextEquiv>
      </TextLine>
      <TextLine id="eSc_line_60e33e1b" custom="structure {type:MarginalLine:gloss;}">
        <Coords points="26,1973 14,1979 26,2011 50,2000 71,1967 26,1973"/>
        <Baseline points="27,1975 51,2001"/>
        <TextEquiv>
          <Unicode>st̃.</Unicode>
        </TextEquiv>
      </TextLine>
    </TextRegion>
    <TextRegion id="eSc_textblock_a9146d60"  custom="structure {type:MainZone;}">
      <Coords points="172,389 116,2865 2210,2906 2262,430"/>
      <TextLine id="eSc_line_262fb643" custom="structure {type:InterlinearLine:gloss;}">
        <Coords points="844,429 999,429 1001,403 995,369 842,373 844,405"/>
        <Baseline points="844,405 1001,403"/>
        <TextEquiv conf="0.9548542022705078">
          <Unicode>regularib</Unicode>
        </TextEquiv>
      </TextLine>
      <TextLine id="eSc_line_b2a3a367" custom="structure {type:default;}">
        <Coords points="983,405 963,405 943,405 924,405 904,405 884,405 864,405 844,405 840,397 741,397 708,383 692,377 690,377 688,377 660,381 611,391 577,381 555,373 554,373 552,373 516,379 457,391 431,379 417,371 415,371 413,371 348,375 322,364 320,364 318,364 191,373 191,431 191,464 449,453 763,456 809,470 832,476 834,476 836,476 953,470 1106,464 1169,472 1238,482 1240,482 1355,480 1357,480 1359,480 1367,474 1379,468 1476,474 1620,486 1622,486 1685,476 1707,474 1737,478 1863,492 1865,492 2245,480 2247,462 2243,409 2125,417 2065,405 1988,389 1848,387 1846,387 1844,387 1814,399 1758,391 1756,391 1755,391 1733,399 1723,403 1705,399 1650,387 1648,387 1646,387 1614,397 1594,383 1592,383 1590,383 1474,383 1472,383 1424,395 1381,405 1357,393 1347,389 1345,389 1343,389 1341,389 1325,393 1294,401 1236,391 1173,381 1171,381 1080,389 985,395 983,405"/>
        <Baseline points="191,431 2247,462"/>
        <TextEquiv>
          <Unicode>singulorũ mensium sume. quib annuas addens ȩpactas. lunã quota sit ꝑ k̶ quasq sine erro</Unicode>
        </TextEquiv>
      </TextLine>
      <TextLine id="eSc_line_2d7b3ddf" custom="structure {type:InterlinearLine:gloss;}">
        <Coords points="296,433 296,477 296,510 335,501 335,477 335,433 326,433"/>
        <Baseline points="298,480 338,479"/>
        <TextEquiv conf="0.9990286827087402">
          <Unicode>p</Unicode>
        </TextEquiv>
      </TextLine>
      <TextLine id="eSc_line_8ec2c067" custom="structure {type:default;}">
        <Coords points="178,536 340,549 342,549 496,542 516,551 518,551 520,551 645,544 819,555 821,555 977,547 1798,567 1800,567 2253,561 2255,544 2253,502 2095,478 2093,478 1911,496 1903,496 1782,496 1780,494 1747,474 1745,474 1743,474 1741,474 1634,492 1618,494 1567,494 1563,492 1523,472 1521,472 1519,472 1377,488 1357,490 1343,488 1250,468 1204,468 1202,468 1201,468 1163,486 1157,488 1135,484 1018,466 1016,466 1015,466 959,482 951,486 821,486 799,480 732,466 730,466 728,466 700,478 690,482 611,482 603,478 573,462 571,462 498,458 457,458 455,458 453,458 419,474 411,480 356,480 330,505 283,506 251,476 180,472 180,518"/>
        <Baseline points="180,518 2255,544"/>
        <TextEquiv>
          <Unicode>re reperies. Si enim uis scire quota ẽ luna in k̶ iañ annoscđo circuli decennouenalis. tene</Unicode>
        </TextEquiv>
      </TextLine>
      <TextLine id="eSc_line_6f7bb36c" custom="structure {type:default;}">
        <Coords points="178,593 176,613 290,627 292,627 294,627 314,619 338,631 340,631 342,631 461,619 462,619 464,619 484,633 486,633 488,633 631,635 633,635 635,635 658,623 682,635 684,635 781,637 783,637 785,637 787,637 803,627 838,637 840,637 842,637 906,627 935,639 937,639 939,639 1167,631 1214,629 1244,631 1369,644 1371,644 1481,635 1513,633 1529,637 1571,646 1572,646 1574,646 1650,639 1663,637 1679,639 1737,646 1739,646 1796,640 1812,639 1818,640 1842,650 1844,650 1846,650 1976,642 2028,640 2257,646 2261,621 2259,561 2180,561 2178,561 2176,561 2115,579 2047,559 2045,559 2043,559 2041,559 2024,559 1709,573 1677,557 1667,553 1665,553 1663,553 1628,557 1519,571 1487,557 1476,551 1474,551 1472,551 1390,555 1220,567 1074,567 1030,555 1011,549 1009,549 1007,549 931,553 823,561 805,553 787,546 785,546 783,546 781,546 749,553 739,555 728,553 686,542 684,542 682,542 629,553 605,557 585,551 542,540 540,540 538,540 480,551 472,553 468,551 441,538 439,538 437,538 178,549 178,593"/>
        <Baseline points="178,593 2261,621"/>
        <TextEquiv>
          <Unicode>uiiii. regulares. adde epactas xi. fuint xx. uicesima ẽ luna. Si uis scire quota ẽ luna in k̶</Unicode>
        </TextEquiv>
      </TextLine>
      <TextLine id="eSc_line_b55d5f1c" custom="structure {type:default;}">
        <Coords points="182,680 180,696 571,698 607,702 749,718 751,718 866,706 898,704 941,708 1098,722 1100,722 1222,712 1244,710 1248,712 1272,724 1274,724 1276,724 1385,714 1408,712 1416,714 1446,724 1448,724 1450,724 1571,718 1636,730 1638,730 2223,724 2225,702 2223,652 2063,644 2061,644 2059,644 2047,648 2010,664 1935,664 1741,648 1739,648 1636,658 1367,639 1335,637 1333,637 1319,637 1193,652 1104,652 1066,633 1064,633 1062,633 1060,633 1058,633 1054,633 1003,650 898,650 797,646 745,629 738,627 736,627 734,627 732,627 728,629 688,646 633,646 575,627 571,625 569,625 567,625 554,625 457,637 403,623 399,623 397,623 182,621 182,680"/>
        <Baseline points="182,680 1804,704 2225,702"/>
        <TextEquiv>
          <Unicode>iuñ anno t̃tio . tene regulares xu. adde ȩpactas anni illius xxu. fiunt xxxiiii. Tolle</Unicode>
        </TextEquiv>
      </TextLine>
      <TextLine id="eSc_line_a69c070c" custom="structure {type:InterlinearLine:gloss;}">
        <Coords points="156,739 267,730 346,739 348,739 350,739 395,728 559,737 563,714 557,686 154,688 156,718"/>
        <Baseline points="156,718 563,714"/>
        <TextEquiv>
          <Unicode> ultra xxx ñ ascenđ luna</Unicode>
        </TextEquiv>
      </TextLine>
      <TextLine id="eSc_line_6d84919f" custom="structure {type:InterlinearLine:gloss;}">
        <Coords points="596,750 638,747 638,735 638,694 596,694 596,735"/>
        <Baseline points="597,736 641,736"/>
        <TextEquiv>
          <Unicode>or</Unicode>
        </TextEquiv>
      </TextLine>
      <TextLine id="eSc_line_1b7ae18c" custom="structure {type:default;}">
        <Coords points="1187,753 1290,755 1292,735 1293,714 1191,716 1187,735"/>
        <Baseline points="1187,735 1292,735"/>
        <TextEquiv conf="0.9147158712148666">
          <Unicode>i. Iunii</Unicode>
        </TextEquiv>
      </TextLine>
      <TextLine id="eSc_line_9738796c" custom="structure {type:default;}">
        <Coords points="1200,754 1145,720 1060,735 1056,735 1054,735 1022,718 1020,718 1018,718 759,731 730,716 728,716 726,716 724,716 688,728 591,714 589,714 557,714 557,716 538,716 518,716 506,716 504,716 466,730 405,731 379,716 360,716 343,730 281,730 182,728 182,757 180,777 595,779 623,785 671,777 674,793 684,793 775,787 801,785 882,787 1088,797 1090,797 1133,791 1169,787 1195,793 1232,801 1234,801 1345,795 1412,791 1424,795 1442,803 1444,803 1446,803 1515,797 1547,795 2287,807 2291,785 2286,759 2107,756 2101,743 2069,730 2067,730 2065,730 2063,730 2014,741 2008,743 2002,741 1960,728 1958,728 1956,728 1776,741 1755,741 1751,739 1721,726 1719,726 1717,726 1656,739 1654,739 1652,739 1616,724 1614,724 1442,722 1365,754"/>
        <Baseline points="182,757 534,759 821,773 2291,785"/>
        <TextEquiv>
          <Unicode>xxx. remanent iiii. Quartaẽ luna in k̶ memoratas. Quod si quis obiecerit ł huius ł p̃ceden</Unicode>
        </TextEquiv>
      </TextLine>
      <TextLine id="eSc_line_d1828ae7" custom="structure {type:InterlinearLine:gloss;}">
        <Coords points="484,779 484,792 485,815 680,816 683,795 676,778"/>
        <Baseline points="486,795 684,797"/>
        <TextEquiv>
          <Unicode>ĩ aliquo loco</Unicode>
        </TextEquiv>
      </TextLine>
      <TextLine id="eSc_line_0fef04da" >
        <Coords points="864,774 834,774 804,771 775,771 775,795 774,813 917,813 920,798 917,774 893,774"/>
        <Baseline points="777,798 922,799"/>
        <TextEquiv conf="0.9890753477811813">
          <Unicode>titubare</Unicode>
        </TextEquiv>
      </TextLine>
      <TextLine id="eSc_line_2cf6db34" custom="structure {type:default;}">
        <Coords points="2160,821 2154,821 2146,824 2089,846 1952,826 1941,819 1915,803 1913,803 1911,803 1822,803 1820,803 1818,803 1788,815 1778,819 1768,815 1731,801 1729,801 1727,801 1663,813 1650,815 1642,813 1606,799 1604,799 1460,797 1458,797 1456,797 1430,807 1363,795 1361,795 1297,805 1228,815 1123,815 1086,799 1078,797 1076,797 1074,797 1072,797 1062,799 1015,811 953,797 920,789 918,789 916,789 902,795 872,811 813,811 789,799 775,799 755,799 736,799 716,799 696,799 654,807 346,805 162,779 162,836 160,860 601,860 629,868 648,872 650,872 652,872 793,868 902,866 910,870 925,878 927,878 929,878 1066,870 1096,870 1115,872 1218,882 1220,882 1434,874 1505,872 1517,874 1555,886 1557,886 1800,890 1802,890 1879,878 1885,878 1891,878 1976,890 1978,890 2233,880 2235,858 2233,826 2182,817 2180,821"/>
        <Baseline points="162,836 1972,862 2235,858"/>
        <TextEquiv>
          <Unicode>tis argum̃ti alicubi ordinẽ uacillare. doceat ipse in huuis modi quȩ tionibus indagandis ue</Unicode>
        </TextEquiv>
      </TextLine>
      <TextLine id="eSc_line_f1e77269" custom="structure {type:InterlinearLine:gloss;}">
        <Coords points="1994,840 2128,846 2130,846 2184,834 2184,819 2188,802 1999,800 1994,819"/>
        <Baseline points="1994,819 2184,819"/>
        <TextEquiv>
          <Unicode>inquirendis</Unicode>
        </TextEquiv>
      </TextLine>
      <TextLine id="eSc_line_ae527bc9" custom="structure {type:InterlinearLine:gloss;}">
        <Coords points="461,898 597,896 597,876 600,857 463,864 461,880"/>
        <Baseline points="461,880 597,876"/>
        <TextEquiv>
          <Unicode>breuius</Unicode>
        </TextEquiv>
      </TextLine>
      <TextLine id="eSc_line_4bc29d6e" custom="structure {type:InterlinearLine:gloss;}">
        <Coords points="2199,880 2045,880 2039,896 2037,910 2079,912 2093,925 2093,927 2095,927 2097,927 2099,927 2354,913 2356,898 2360,853 2262,878"/>
        <Baseline points="2039,896 2356,898"/>
        <TextEquiv>
          <Unicode>i. pagina regularis</Unicode>
        </TextEquiv>
      </TextLine>
      <TextLine id="eSc_line_89b21494" custom="structure {type:default;}">
        <Coords points="2041,896 1992,884 1946,884 1944,884 1942,884 1905,904 1901,906 1760,906 1751,902 1703,890 1701,890 1699,890 1638,902 1628,902 1604,900 1481,892 1479,892 1430,900 1422,900 1418,900 1363,878 1361,878 1292,876 1290,876 955,894 918,896 892,894 676,870 674,870 585,900 547,896 543,886 535,883 522,902 445,898 433,868 431,868 352,866 304,866 302,866 300,866 265,886 164,886 164,921 164,951 328,943 364,955 377,959 379,959 381,961 455,961 455,959 476,955 540,945 593,957 611,961 767,963 769,963 797,959 876,949 977,963 989,963 991,963 993,963 995,963 1016,951 1086,951 1108,963 1108,965 1109,965 1111,965 1113,965 1115,965 1121,965 1159,955 1202,965 1206,965 1208,965 1212,965 1284,953 1476,953 1555,967 1557,967 1559,967 1590,957 1626,971 1628,971 1630,971 1632,971 1665,971 1867,965 1883,973 1885,975 1887,975 1889,975 1891,975 1909,973 2030,961 2231,977 2235,943 2231,908 2104,922 2081,906 2047,898 2043,898"/>
        <Baseline points="164,921 2235,943"/>
        <TextEquiv>
          <Unicode>racius &amp; cõpendiosius argumentum. &amp; nos libent̃ gratareterq. accipiemus. Hoc aut̃</Unicode>
        </TextEquiv>
      </TextLine>
      <TextLine id="eSc_line_224a8890" custom="structure {type:default;}">
        <Coords points="160,997 160,1026 298,1016 366,1028 377,1030 581,1034 583,1034 611,1030 652,1026 716,1032 765,1036 767,1036 789,1032 831,1024 927,1034 997,1040 999,1040 1060,1034 1133,1028 1208,1036 1284,1044 1286,1044 1341,1038 1386,1032 1501,1038 1695,1050 1697,1050 1794,1042 1832,1038 1855,1042 1905,1050 1907,1050 1909,1050 1927,1042 1933,1040 2085,1040 2091,1044 2113,1056 2115,1056 2117,1056 2253,1044 2255,1026 2255,985 2200,969 2198,969 2196,969 2128,983 2121,983 2119,981 2097,967 2095,967 2093,967 1974,959 1832,957 1830,957 1743,975 1741,975 1735,975 1495,953 1493,953 1212,967 1139,969 927,967 918,961 906,955 904,955 902,955 900,955 884,961 868,965 621,963 587,955 496,939 494,939 435,953 415,957 401,953 362,937 360,937 358,937 160,947 160,997"/>
        <Baseline points="160,997 2255,1026"/>
        <TextEquiv>
          <Unicode>p̃cedens quod cõmemorauimus argum̃tũ . &amp; nonnullis ad transcribendũ iam dedimus &amp; in</Unicode>
        </TextEquiv>
      </TextLine>
      <TextLine id="eSc_line_ab59ef49" custom="structure {type:default;}">
        <Coords points="158,1078 158,1113 261,1103 330,1115 346,1117 348,1117 350,1117 356,1115 387,1103 464,1103 627,1103 658,1117 670,1121 672,1121 967,1125 969,1125 971,1125 985,1119 1001,1111 1022,1119 1028,1121 1030,1121 1032,1121 1054,1119 1127,1111 1210,1119 1244,1123 1246,1123 1248,1123 1258,1121 1286,1113 1424,1121 1616,1133 1618,1133 1620,1133 1656,1123 1671,1119 1772,1119 1794,1123 1846,1135 1848,1137 1942,1137 1942,1135 1944,1135 1972,1125 1978,1123 1988,1125 2055,1137 2057,1137 2261,1125 2263,1103 2263,1062 2204,1038 2202,1038 2200,1038 2093,1052 2059,1042 2057,1042 2055,1042 2053,1042 2004,1058 2002,1058 1857,1058 1855,1056 1778,1032 1776,1032 1774,1032 1772,1032 1689,1054 1687,1054 1561,1054 1559,1052 1519,1030 1517,1030 1454,1028 1452,1028 1323,1038 1280,1026 1278,1026 1276,1026 1204,1042 1050,1024 1048,1024 1046,1024 985,1044 888,1022 886,1022 783,1032 745,1020 743,1020 741,1020 662,1034 605,1020 603,1020 601,1020 516,1040 512,1040 506,1040 441,1020 439,1020 437,1020 435,1020 373,1038 369,1038 158,1036 158,1078"/>
        <Baseline points="158,1078 2263,1103"/>
        <TextEquiv>
          <Unicode>principiis huius nĩ opusculi p̃ figendũ eẽ censemus. Porro praesens argum̃tũ qđ delu</Unicode>
        </TextEquiv>
      </TextLine>
      <TextLine id="eSc_line_f2e5bf0d" custom="structure {type:default;}">
        <Coords points="158,1159 156,1175 185,1188 187,1188 189,1188 286,1181 356,1194 358,1194 514,1185 530,1194 532,1194 534,1194 676,1198 678,1198 821,1187 840,1187 844,1188 876,1202 878,1202 880,1202 1074,1192 1119,1190 1392,1192 1408,1198 1452,1210 1454,1210 1456,1210 1580,1202 1606,1200 1628,1202 1725,1214 1727,1214 1729,1214 1749,1204 1758,1200 1786,1204 1846,1216 1848,1216 2219,1212 2221,1188 2218,1127 2083,1145 1982,1145 1929,1123 1927,1123 1925,1123 1923,1123 1917,1123 1834,1141 1806,1123 1804,1121 1802,1121 1800,1121 1798,1121 1749,1121 1396,1135 1210,1133 1181,1117 1173,1113 1171,1113 1119,1111 1117,1111 1115,1111 1096,1117 1056,1129 943,1129 916,1115 904,1109 902,1109 900,1109 838,1115 718,1125 700,1113 698,1113 696,1113 694,1113 692,1113 674,1121 623,1113 569,1103 567,1103 565,1103 536,1111 502,1121 409,1111 407,1111 405,1111 403,1111 387,1119 369,1109 352,1101 350,1101 348,1101 346,1101 322,1109 300,1117 282,1109 259,1099 257,1099 255,1099 253,1099 227,1109 209,1115 158,1109 158,1159"/>
        <Baseline points="158,1159 2221,1188"/>
        <TextEquiv>
          <Unicode>na k̶ rũ quȩrenda posuimus. hoc tantũ loco cõmemorasse &amp; docuisse sufficiat. Nã</Unicode>
        </TextEquiv>
      </TextLine>
      <TextLine id="eSc_line_0d0d5507" custom="structure {type:default;}">
        <Coords points="156,1240 154,1274 304,1278 306,1278 308,1278 316,1276 358,1264 405,1276 417,1279 419,1279 421,1279 445,1278 498,1270 530,1278 546,1281 548,1281 550,1281 581,1278 641,1270 718,1279 745,1281 747,1281 797,1279 933,1272 965,1281 983,1285 985,1285 987,1285 989,1285 1005,1281 1032,1274 1062,1281 1078,1285 1080,1285 1082,1285 1123,1281 1191,1276 1201,1281 1214,1291 1216,1291 1218,1291 1220,1291 1266,1283 1297,1278 1456,1278 1513,1279 1521,1285 1541,1295 1543,1295 1545,1295 1628,1285 1638,1285 1652,1285 1851,1301 1853,1303 1990,1303 1990,1301 1992,1301 2024,1289 2178,1303 2180,1303 2239,1289 2241,1272 2241,1230 1911,1220 1830,1200 1828,1200 1638,1214 1452,1200 1450,1200 1379,1212 1311,1198 1309,1198 1155,1208 1068,1188 999,1188 997,1188 995,1188 955,1206 807,1185 805,1185 540,1202 538,1202 371,1202 371,1200 346,1188 344,1188 342,1188 340,1188 304,1200 298,1200 156,1198 156,1240"/>
        <Baseline points="156,1240 2241,1272"/>
        <TextEquiv>
          <Unicode>cognita quata sit in k̶dis luna. facile &amp;iã c&amp;eris cuiusq. m̃sis diebus qua sit aetate</Unicode>
        </TextEquiv>
      </TextLine>
      <TextLine id="eSc_line_afde8a66" custom="structure {type:InterlinearLine:gloss;}">
        <Coords points="662,1302 751,1302 754,1293 754,1273 670,1268 665,1287"/>
        <Baseline points="668,1288 756,1294"/>
        <TextEquiv>
          <Unicode>s. ex</Unicode>
        </TextEquiv>
      </TextLine>
      <TextLine id="eSc_line_8e46d5c0" custom="structure {type:default;}">
        <Coords points="150,1339 675,1339 767,1349 781,1351 783,1351 797,1351 896,1341 1032,1340 1055,1361 1088,1353 1095,1339 1198,1347 1244,1349 1511,1351 1582,1363 1586,1363 1804,1367 1806,1367 1812,1367 1859,1357 2253,1372 2257,1347 2255,1307 2166,1303 2130,1283 2128,1283 2126,1283 2125,1283 2099,1293 1964,1281 1962,1281 1887,1293 1834,1285 1832,1285 1830,1285 1828,1285 1808,1297 1719,1285 1717,1285 1638,1295 1567,1295 1509,1272 1507,1272 1505,1272 1398,1279 1339,1270 1337,1270 1335,1270 1311,1281 1264,1268 1262,1268 1260,1268 1199,1279 1175,1270 1173,1270 1171,1270 1169,1270 1125,1285 1036,1266 1034,1266 953,1274 890,1262 888,1262 886,1262 827,1283 783,1283 754,1312 703,1309 649,1303 611,1262 609,1262 571,1278 464,1268 462,1268 152,1272 152,1313"/>
        <Baseline points="152,1313 2257,1347"/>
        <TextEquiv>
          <Unicode>cantato ipsom̃ se &amp; contarrentibus digitis apparebit Sunt aut̃ anni tres circuli decen</Unicode>
        </TextEquiv>
      </TextLine>
      <TextLine id="eSc_line_f485ef36" custom="structure {type:default;}">
        <Coords points="1749,1391 1733,1372 1677,1355 1675,1355 1563,1353 1561,1353 1505,1365 1319,1349 1317,1349 1315,1349 1270,1361 1173,1347 1111,1347 1109,1347 1108,1347 1080,1363 1076,1363 900,1361 898,1359 878,1347 876,1347 874,1347 872,1347 753,1357 747,1357 716,1341 714,1341 559,1337 557,1337 555,1337 510,1353 427,1339 425,1339 356,1351 352,1351 154,1349 154,1392 152,1408 306,1422 308,1422 360,1412 375,1410 391,1414 437,1424 439,1424 587,1416 684,1412 738,1420 813,1430 815,1430 955,1424 1064,1418 1078,1426 1092,1432 1094,1432 1096,1432 1129,1426 1163,1420 1187,1428 1202,1432 1204,1432 1206,1432 1246,1428 1305,1422 1571,1424 1636,1436 1701,1444 1703,1444 1836,1438 1964,1430 2204,1444 2208,1420 2206,1380 2130,1380 2126,1378 2099,1376 2026,1389 1898,1392"/>
        <Baseline points="154,1392 827,1394 2208,1420"/>
        <TextEquiv>
          <Unicode>nouenalis. in quibus idem argum̃tũ stabilitatẽ sui tenoris conseruare nequeat. Octa</Unicode>
        </TextEquiv>
      </TextLine>
      <TextLine id="eSc_line_c8231d80" custom="structure {type:InterlinearLine:gloss;}">
        <Coords points="1824,1396 1929,1390 1931,1372 1925,1349 1822,1349 1824,1374"/>
        <Baseline points="1824,1374 1931,1372"/>
        <TextEquiv conf="0.9912137654092577">
          <Unicode>ñ possit</Unicode>
        </TextEquiv>
      </TextLine>
      <TextLine id="eSc_line_e4ad4f47" custom="structure {type:InterlinearLine:gloss;}">
        <Coords points="1236,1458 1392,1450 1392,1436 1392,1412 1236,1412 1236,1436"/>
        <Baseline points="1236,1436 1392,1436"/>
        <TextEquiv conf="0.991234302520752">
          <Unicode>argum̃to</Unicode>
        </TextEquiv>
      </TextLine>
      <TextLine id="eSc_line_d9187233" custom="structure {type:InterlinearLine:gloss;}">
        <Coords points="1538,1468 1695,1474 1701,1451 1698,1415 1541,1406 1541,1442"/>
        <Baseline points="1543,1444 1702,1452"/>
        <TextEquiv conf="0.9725501073731316">
          <Unicode>dubitandi</Unicode>
        </TextEquiv>
      </TextLine>
      <TextLine id="eSc_line_9a07c805" >
        <Coords points="1817,1460 1591,1445 1232,1442 1229,1436 1211,1421 1199,1421 1149,1439 1095,1418 947,1433 908,1433 784,1415 638,1430 614,1412 605,1412 501,1430 409,1409 154,1418 150,1480 460,1484 728,1484 808,1489 834,1501 1110,1504 1149,1525 1357,1510 1378,1528 1476,1510 1496,1528 1508,1528 1568,1510 1787,1510 1895,1508 1987,1511 2008,1513 2058,1512 2088,1518 2116,1525 2224,1516 2227,1492 2224,1460 2203,1460"/>
        <Baseline points="156,1463 333,1464 749,1469 1180,1481 1682,1486 1830,1491 2230,1494"/>
        <TextEquiv>
          <Unicode>uus uidelic&amp; undecimꝰ. &amp; nonus decimus. Cui causam nutandi uaria fac̃ ac dispérsa</Unicode>
        </TextEquiv>
      </TextLine>
      <TextLine id="eSc_line_c70bbd8f" custom="structure {type:InterlinearLine:gloss;}">
        <Coords points="2044,1438 1779,1435 1775,1454 1777,1467 2714,1480 2723,1457 2720,1403 2604,1385 2601,1385 2515,1406 2506,1406 2500,1406 2467,1391 2465,1391 2462,1391 2459,1391 2456,1391 2435,1406 2423,1415 2369,1428 2319,1430 2290,1420 2244,1426 2223,1437"/>
        <Baseline points="1776,1456 1806,1458 2724,1460"/>
        <TextEquiv>
          <Unicode>s.  ñ ĩ uno loco ł ponunt᷑ embolismi. sꝰ in diũ soloco anni.</Unicode>
        </TextEquiv>
      </TextLine>
      <TextLine id="eSc_line_38adee6c" custom="structure {type:InterlinearLine:gloss;}">
        <Coords points="320,1483 320,1489 321,1510 522,1502 525,1489 526,1474"/>
        <Baseline points="323,1491 528,1491"/>
        <TextEquiv>
          <Unicode> ĩ anno fit hoc</Unicode>
        </TextEquiv>
      </TextLine>
      <TextLine id="eSc_line_11fce728" custom="structure {type:InterlinearLine:gloss;}">
        <Coords points="1571,1547 1669,1543 1699,1549 1733,1554 1735,1554 1780,1547 1808,1543 1857,1547 1970,1554 1972,1554 2057,1543 2059,1529 2059,1515 1572,1502 1572,1527"/>
        <Baseline points="1572,1527 2059,1529"/>
        <TextEquiv>
          <Unicode>In kł ⁊. &amp; aprił ñ mutat᷑ argum̃tũ</Unicode>
        </TextEquiv>
      </TextLine>
      <TextLine id="eSc_line_3e737ede" custom="structure {type:default;}">
        <Coords points="1811,1540 1590,1537 1561,1529 1523,1517 1521,1517 1519,1517 1474,1527 1428,1537 1347,1525 1343,1525 1341,1525 1317,1525 1009,1525 995,1519 987,1515 985,1515 983,1515 967,1519 971,1498 933,1505 921,1519 889,1531 828,1529 793,1511 712,1511 648,1513 627,1509 429,1507 427,1507 425,1507 419,1509 375,1509 154,1505 154,1554 154,1586 235,1572 565,1572 643,1563 693,1568 993,1569 1016,1586 1018,1586 1045,1570 1208,1576 1365,1590 1410,1594 1412,1594 2235,1592 2237,1578 2242,1547 2092,1543 1833,1542"/>
        <Baseline points="154,1554 999,1552 1234,1560 1264,1570 2237,1578"/>
        <TextEquiv>
          <Unicode>per annũ embolismorũ insertio. Si quidem anno octauo luna kalendarũ maiarũ uixta</Unicode>
        </TextEquiv>
      </TextLine>
      <TextLine id="eSc_line_897772e7" custom="structure {type:InterlinearLine:gloss;}">
        <Coords points="1129,1572 749,1564 748,1584 745,1608 1282,1614 1288,1590 1285,1572 1282,1572"/>
        <Baseline points="749,1586 1290,1592"/>
        <TextEquiv>
          <Unicode>s. ꝓt̃ regulares xi. et epactas xuii</Unicode>
        </TextEquiv>
      </TextLine>
      <TextLine id="eSc_line_9a76fed8" custom="structure {type:InterlinearLine:gloss;}">
        <Coords points="2218,1578 2200,1586 1753,1578 1753,1608 1751,1618 2293,1625 2299,1638 2433,1630 2445,1630 2447,1630 2477,1640 2479,1640 2481,1640 2700,1630 2702,1616 2696,1566 2680,1578 2655,1566 2647,1564 2645,1564 2643,1564 2641,1564 2633,1568 2576,1590 2526,1568 2516,1564 2514,1564 2512,1564 2463,1570 2386,1578 2376,1570 2368,1564 2368,1562 2366,1562 2364,1562 2255,1562 2253,1562 2251,1562 2231,1572 2227,1572 2227,1578"/>
        <Baseline points="1753,1608 2702,1616"/>
        <TextEquiv>
          <Unicode>s. mensem s. xxx dier̃. dũ xxuiiii dies debuisset habere ipsa luna</Unicode>
        </TextEquiv>
      </TextLine>
      <TextLine id="eSc_line_741b6d1e" custom="structure {type:default;}">
        <Coords points="1889,1627 1770,1625 1583,1620 1523,1591 1442,1592 1418,1604 1371,1590 1369,1590 1367,1590 1365,1590 1337,1604 1327,1608 1258,1604 1159,1596 1157,1596 1123,1602 1104,1606 1094,1602 1074,1592 1072,1592 1049,1616 975,1602 941,1604 935,1600 916,1588 900,1588 868,1600 866,1602 763,1602 753,1600 710,1584 708,1584 706,1584 704,1584 654,1598 641,1602 607,1598 522,1588 520,1588 518,1588 484,1598 474,1600 470,1598 449,1580 447,1580 445,1580 443,1580 360,1582 358,1582 328,1596 324,1598 302,1596 205,1586 203,1586 146,1594 146,1636 146,1657 249,1645 334,1659 338,1659 340,1659 346,1659 443,1647 510,1657 563,1652 602,1666 633,1661 637,1663 639,1663 641,1663 662,1661 749,1651 844,1663 872,1665 874,1665 876,1665 884,1663 916,1653 1020,1653 1088,1663 1111,1667 1113,1667 1115,1667 1125,1663 1139,1659 1204,1665 1262,1669 1264,1669 1266,1669 1282,1665 1311,1657 1373,1665 1416,1671 1419,1656 1769,1660 2222,1666 2203,1644 1915,1642"/>
        <Baseline points="146,1636 791,1634 2202,1655"/>
        <TextEquiv>
          <Unicode>rationẽ quidem argum̃ti ucesima octaua cõputatur. Sed propter embolismum qui in mar</Unicode>
        </TextEquiv>
      </TextLine>
      <TextLine id="eSc_line_c91f5d8d" custom="structure {type:InterlinearLine:gloss;}">
        <Coords points="1921,1621 1918,1629 1915,1644 2154,1645 2151,1623"/>
        <Baseline points="1920,1630 2154,1635"/>
        <TextEquiv>
          <Unicode>s. ipso uiii anno.</Unicode>
        </TextEquiv>
      </TextLine>
      <TextLine id="eSc_line_a906ad37" custom="structure {type:InterlinearLine:signe_de_renvoi;}">
        <Coords points="243,1635 243,1649 240,1661 288,1664 294,1652 291,1635 273,1635"/>
        <Baseline points="244,1651 296,1654"/>
        <TextEquiv>
          <Unicode>..-</Unicode>
        </TextEquiv>
      </TextLine>
      <TextLine id="eSc_line_ca66ebd1" custom="structure {type:InterlinearLine:gloss;}">
        <Coords points="528,1654 315,1648 298,1660 223,1659 215,1669 215,1689 607,1685 607,1669 605,1661"/>
        <Baseline points="215,1669 607,1669"/>
        <TextEquiv>
          <Unicode>i. pridie nonas martii</Unicode>
        </TextEquiv>
      </TextLine>
      <TextLine id="eSc_line_f062165c" >
        <Coords points="650,1685 650,1706 677,1709 680,1685 677,1649 650,1649 650,1685"/>
        <Baseline points="651,1686 683,1686"/>
        <TextEquiv conf="0.999882698059082">
          <Unicode>a</Unicode>
        </TextEquiv>
      </TextLine>
      <TextLine id="eSc_line_0d9f7cfa" custom="structure {type:InterlinearLine:signe_de_renvoi;}">
        <Coords points="736,1706 781,1706 781,1676 781,1641 736,1641 736,1676"/>
        <Baseline points="738,1677 783,1677"/>
        <TextEquiv>
          <Unicode></Unicode>
        </TextEquiv>
      </TextLine>
      <TextLine id="eSc_line_f0a06e23" custom="structure {type:InterlinearLine:gloss;}">
        <Coords points="935,1701 1125,1703 1127,1679 1123,1651 934,1645 935,1685"/>
        <Baseline points="935,1685 1127,1679"/>
        <TextEquiv>
          <Unicode>s. in kł maii</Unicode>
        </TextEquiv>
      </TextLine>
      <TextLine id="eSc_line_cf39d347" custom="structure {type:InterlinearLine:gloss;}">
        <Coords points="1654,1646 1624,1646 1594,1643 1565,1643 1535,1643 1505,1643 1476,1643 1446,1643 1416,1643 1386,1641 1357,1641 1327,1641 1297,1641 1268,1641 1268,1670 1265,1694 1547,1715 1550,1715 1701,1700 1704,1673 1698,1646 1683,1646"/>
        <Baseline points="1270,1673 1596,1681 1705,1676"/>
        <TextEquiv>
          <Unicode>in kł ⁊. iunii ñ mutat᷑ arg̃m.</Unicode>
        </TextEquiv>
      </TextLine>
      <TextLine id="eSc_line_3a6a3b59" custom="structure {type:InterlinearLine:gloss;}">
        <Coords points="2254,1641 2206,1641 2200,1652 2170,1652 2141,1652 2111,1652 2081,1652 2052,1652 2022,1652 1992,1649 1963,1649 1933,1649 1903,1649 1873,1649 1844,1649 1814,1649 1784,1646 1755,1646 1728,1646 1725,1673 1722,1689 2283,1705 2289,1685 2286,1646 2260,1646"/>
        <Baseline points="1726,1675 1760,1673 2291,1687"/>
        <TextEquiv>
          <Unicode>embolismus ⫲ m̃sis semꝑ xxx dies hab̵ .</Unicode>
        </TextEquiv>
      </TextLine>
      <TextLine id="eSc_line_25a45904" custom="structure {type:default;}">
        <Coords points="2232,1768 2244,1711 1265,1704 1227,1681 1178,1704 912,1701 898,1673 896,1673 862,1671 860,1671 839,1694 737,1702 718,1701 665,1707 632,1699 466,1685 163,1692 158,1715 156,1744 480,1734 815,1730"/>
        <Baseline points="158,1715 1173,1725 1198,1717 2230,1747"/>
        <TextEquiv>
          <Unicode>tio mense inseritur. xxuii probatur existere: Itẽ in k̶ iulias iuxta argum̃tũ xxx fieri potuit</Unicode>
        </TextEquiv>
      </TextLine>
      <TextLine id="eSc_line_571cb573" >
        <Coords points="1942,1676 1912,1676 1912,1703 1912,1727 1951,1727 1951,1703 1948,1676 1942,1676"/>
        <Baseline points="1915,1706 1952,1706"/>
        <TextEquiv>
          <Unicode>a</Unicode>
        </TextEquiv>
      </TextLine>
      <TextLine id="eSc_line_d2bd63f5" custom="structure {type:InterlinearLine:gloss;}">
        <Coords points="434,1735 433,1747 430,1771 1268,1774 1274,1753 1275,1738 1180,1734"/>
        <Baseline points="436,1749 568,1749 793,1749 1277,1754"/>
        <TextEquiv>
          <Unicode>unã ⫲ diẽ habuit plus etmbolism̃. quã luna aprił haberet</Unicode>
        </TextEquiv>
      </TextLine>
      <TextLine id="eSc_line_f8d5ccf0" custom="structure {type:InterlinearLine:gloss;}">
        <Coords points="1650,1748 1630,1746 1611,1752 1562,1740 1576,1782 2103,1790 2105,1800 2144,1783 2150,1771 2147,1758"/>
        <Baseline points="1560,1763 1836,1761 2133,1773"/>
        <TextEquiv>
          <Unicode>s. ꝑt̃ regulares xiii. ⁊ epactas xuii</Unicode>
        </TextEquiv>
      </TextLine>
      <TextLine id="eSc_line_e2465889" custom="structure {type:default;}">
        <Coords points="2231,1798 1332,1780 1264,1760 1262,1760 1260,1760 1258,1760 1258,1762 1242,1774 1175,1760 1173,1760 1171,1760 1169,1760 1149,1774 1133,1762 980,1767 946,1777 826,1778 492,1772 456,1775 427,1765 423,1750 277,1748 275,1748 273,1748 271,1748 249,1766 146,1746 146,1798 144,1818 314,1816 332,1827 342,1835 344,1835 346,1835 348,1837 387,1837 387,1835 421,1829 478,1818 526,1829 528,1829 530,1829 569,1822 591,1831 599,1835 601,1835 857,1843 1177,1827 1528,1828 2234,1843"/>
        <Baseline points="146,1798 2218,1828"/>
        <TextEquiv>
          <Unicode>luna: sed ꝓpt̃ adiectione diet que suꝑ fluitas embolismi attulerat fit xxuiiii. Itẽ anno xi</Unicode>
        </TextEquiv>
      </TextLine>
      <TextLine id="eSc_line_fc84dcbc" >
        <Coords points="1823,1762 1823,1789 1823,1810 1850,1807 1850,1789 1850,1762 1823,1762"/>
        <Baseline points="1825,1790 1852,1792"/>
        <TextEquiv conf="0.643988847732544">
          <Unicode>a</Unicode>
        </TextEquiv>
      </TextLine>
      <TextLine id="eSc_line_3047e471" custom="structure {type:InterlinearLine:gloss;}">
        <Coords points="2159,1813 2200,1810 2203,1804 2200,1762 2162,1765 2162,1801"/>
        <Baseline points="2165,1803 2206,1807"/>
        <TextEquiv conf="0.9987934827804565">
          <Unicode>o</Unicode>
        </TextEquiv>
      </TextLine>
      <TextLine id="eSc_line_55419107" >
        <Coords points="1223,1813 1193,1813 1164,1813 1134,1813 1134,1842 1134,1872 1244,1860 1244,1842 1244,1813 1223,1813"/>
        <Baseline points="1137,1844 1247,1843"/>
        <TextEquiv conf="0.9841798288481576">
          <Unicode>incipit</Unicode>
        </TextEquiv>
      </TextLine>
      <TextLine id="eSc_line_f7db9960" custom="structure {type:InterlinearLine:gloss;}">
        <Coords points="1386,1829 1388,1853 1892,1863 2073,1865 2097,1869 2136,1877 2138,1877 2140,1877 2187,1871 2181,1851 2160,1842"/>
        <Baseline points="1382,1841 2154,1860"/>
        <TextEquiv>
          <Unicode>ĩ kł ⁊. ianuãr ⁊ febrruarii ñ mittat embolism̃ argum̃tũ.</Unicode>
        </TextEquiv>
      </TextLine>
      <TextLine id="eSc_line_436cc9ce" custom="structure {type:default;}">
        <Coords points="1396,1859 1318,1866 1231,1853 1216,1867 1107,1861 1076,1841 756,1850 692,1835 679,1857 568,1851 498,1828 449,1831 433,1853 292,1851 255,1839 152,1854 149,1902 195,1888 407,1886 463,1885 519,1896 564,1911 593,1911 718,1899 799,1900 1538,1904 2218,1934 2224,1902 2224,1857 2138,1854 2124,1875"/>
        <Baseline points="151,1868 1596,1890 2225,1905"/>
        <TextEquiv>
          <Unicode>quo luna embolismi pridie nonas decemƀ accenditur. facit luna in k̶ mãr xx eẽ &amp; uiii cum</Unicode>
        </TextEquiv>
      </TextLine>
      <TextLine id="eSc_line_838987a3" >
        <Coords points="1876,1851 1847,1851 1847,1866 1847,1890 1876,1890 1900,1890 1900,1866 1900,1854 1876,1851"/>
        <Baseline points="1850,1867 1901,1867"/>
        <TextEquiv>
          <Unicode>mã</Unicode>
        </TextEquiv>
      </TextLine>
      <TextLine id="eSc_line_4568d21e" >
        <Coords points="2067,1857 2037,1857 2037,1869 2037,1893 2084,1890 2084,1869 2084,1857 2067,1857"/>
        <Baseline points="2038,1871 2087,1871"/>
        <TextEquiv conf="0.9952366948127747">
          <Unicode>am</Unicode>
        </TextEquiv>
      </TextLine>
      <TextLine id="eSc_line_02191b9d" custom="structure {type:InterlinearLine:gloss;}">
        <Coords points="162,1938 257,1932 259,1917 251,1892 163,1897 162,1918"/>
        <Baseline points="162,1918 259,1917"/>
        <TextEquiv conf="0.9993168950080872">
          <Unicode>lunã</Unicode>
        </TextEquiv>
      </TextLine>
      <TextLine id="eSc_line_536b9527" custom="structure {type:InterlinearLine:gloss;}">
        <Coords points="620,1946 656,1946 656,1919 656,1884 620,1884 620,1919"/>
        <Baseline points="623,1922 659,1922"/>
        <TextEquiv>
          <Unicode>ã</Unicode>
        </TextEquiv>
      </TextLine>
      <TextLine id="eSc_line_20829ad8" custom="structure {type:InterlinearLine:gloss;}">
        <Coords points="801,1943 801,1922 801,1906 1022,1899 1020,1940"/>
        <Baseline points="803,1923 1020,1921"/>
        <TextEquiv>
          <Unicode>i. in xi anno.</Unicode>
        </TextEquiv>
      </TextLine>
      <TextLine id="eSc_line_f3689ff9" custom="structure {type:InterlinearLine:gloss;}">
        <Coords points="1538,1901 1541,1914 1541,1934 1034,1940 1034,1901 1155,1898 1192,1902 1361,1902 1384,1901"/>
        <Baseline points="1034,1921 1543,1917"/>
        <TextEquiv>
          <Unicode>s. ꝓt̃ regulares uiiii ⁊. epactas xx.</Unicode>
        </TextEquiv>
      </TextLine>
      <TextLine id="eSc_line_537371dc" >
        <Coords points="1755,1952 1743,1925 1234,1939 812,1941 794,1943 273,1933 245,1936 185,1938 159,1936 144,1919 131,1981 488,1976 689,2000 694,2000 736,1979 757,1997 867,1985 1265,2011 1383,1991 1725,1997 1755,1995 1786,1996 1814,2000 2224,2000 2230,1985 2227,1937 1796,1928 1784,1952"/>
        <Baseline points="142,1950 419,1956 706,1958 1036,1968 1298,1967 1700,1968 1878,1974 2233,1986"/>
        <TextEquiv>
          <Unicode>hanc ratio argum̃ti xxuiiii tunc ex iste redoceat. Itẽ anno .xuiiii mo quịạ luna embolismi ter</Unicode>
        </TextEquiv>
      </TextLine>
      <TextLine id="eSc_line_1810ae3c" custom="structure {type:InterlinearLine:gloss;}">
        <Coords points="712,1949 760,1949 763,1934 767,1918 718,1905 715,1931"/>
        <Baseline points="717,1934 765,1935"/>
        <TextEquiv conf="0.9962092041969299">
          <Unicode>am</Unicode>
        </TextEquiv>
      </TextLine>
      <TextLine id="eSc_line_8f0722af" custom="structure {type:InterlinearLine:gloss;}">
        <Coords points="1748,1964 1773,1966 1775,1964 1781,1965 1785,1954 1783,1939 1748,1938 1746,1949"/>
        <Baseline points="1748,1951 1787,1953"/>
        <TextEquiv conf="0.9999575614929199">
          <Unicode>O</Unicode>
        </TextEquiv>
      </TextLine>
      <TextLine id="eSc_line_95dbd5d7" custom="structure {type:InterlinearLine:gloss;}">
        <Coords points="251,2011 506,2008 508,1996 502,1976 250,1980 251,1998"/>
        <Baseline points="251,1998 508,1996"/>
        <TextEquiv>
          <Unicode>i. tertio nõnas</Unicode>
        </TextEquiv>
      </TextLine>
      <TextLine id="eSc_line_7cfdf088" custom="structure {type:InterlinearLine:gloss;}">
        <Coords points="1291,1967 1262,1967 1232,1967 1202,1967 1173,1967 1143,1967 1113,1967 1113,2000 1110,2026 1324,2026 1327,2003 1324,1967 1321,1967"/>
        <Baseline points="1116,2003 1187,2002 1246,2001 1330,2006"/>
        <TextEquiv>
          <Unicode>s. habundantia</Unicode>
        </TextEquiv>
      </TextLine>
      <TextLine id="eSc_line_57d58a7c" custom="structure {type:InterlinearLine:gloss;}">
        <Coords points="1787,2025 1910,2027 2696,2031 2696,2011 2691,1997 1367,1988 1364,2012"/>
        <Baseline points="1370,2001 2696,2011"/>
        <TextEquiv>
          <Unicode>unius diciei embolismi . retrahit unã lunã a kł maii. i. fac̃ minorẽ ȩtate lunȩ ĩ kł maii ..</Unicode>
        </TextEquiv>
      </TextLine>
      <TextLine id="eSc_line_aa4da898" custom="structure {type:default;}">
        <Coords points="259,2025 253,1998 249,1992 134,2004 134,2041 132,2061 753,2063 785,2073 803,2079 823,2080 933,2086 983,2088 1018,2068 1127,2073 1168,2070 1179,2085 1181,2085 1183,2085 1248,2083 1398,2075 1584,2089 1628,2091 1630,2091 1671,2089 1810,2085 1826,2093 1828,2095 1830,2095 1832,2095 1834,2095 1859,2093 1960,2085 1990,2095 1994,2097 1996,2097 1998,2097 2010,2097 2067,2089 2210,2099 2214,2073 2214,2035 2168,2021 2166,2021 2164,2021 2093,2033 2085,2035 1954,2035 1946,2031 1919,2019 1917,2019 1915,2019 1913,2019 1875,2029 1873,2029 1826,2015 1824,2015 1822,2015 1731,2027 1713,2029 1701,2027 1644,2013 1642,2013 1640,2013 1592,2025 1582,2027 1478,2027 1468,2023 1408,2009 1406,2009 1333,2021 1321,2023 1311,2021 1264,2008 1262,2008 1260,2008 1187,2019 1173,2021 1155,2019 1044,2004 1042,2004 947,2015 931,2017 916,2015 819,2004 817,2004 743,1999 714,2000 696,2007 615,1998 613,1998 611,1998 583,2011 581,2011 577,2011 553,2023 509,2022 472,2014 407,2009 393,2009 373,2022 290,2020 280,2023"/>
        <Baseline points="134,2041 2214,2073"/>
        <TextEquiv>
          <Unicode>tio die nonarũ martiarũ incipit. cogit lunã in k̶ maias xxuiii computari . cum xxuiiii scđm</Unicode>
        </TextEquiv>
      </TextLine>
      <TextLine id="eSc_line_62c23230" >
        <Coords points="1532,2003 1502,2003 1505,2023 1505,2047 1544,2047 1544,2020 1541,2003 1532,2003"/>
        <Baseline points="1507,2024 1546,2023"/>
        <TextEquiv>
          <Unicode>ã</Unicode>
        </TextEquiv>
      </TextLine>
      <TextLine id="eSc_line_a94b05d2" custom="structure {type:InterlinearLine:gloss;}">
        <Coords points="645,2049 625,2049 605,2049 585,2049 565,2049 546,2049 526,2049 515,2060 151,2059 152,2085 152,2100 686,2099 688,2077 682,2051 664,2051"/>
        <Baseline points="152,2085 688,2077"/>
        <TextEquiv>
          <Unicode>s. ꝓt̃ regulares xi ⁊ epactas xuiii.</Unicode>
        </TextEquiv>
      </TextLine>
      <TextLine id="eSc_line_6c651896" custom="structure {type:InterlinearLine:gloss;}">
        <Coords points="1015,2108 1068,2104 1086,2114 1094,2118 1096,2118 1173,2120 1177,2097 1177,2067 1016,2057 1016,2085"/>
        <Baseline points="1016,2085 1177,2097"/>
        <TextEquiv>
          <Unicode>i.xuiiii</Unicode>
        </TextEquiv>
      </TextLine>
      <TextLine id="eSc_line_25e9317d" custom="structure {type:InterlinearLine:gloss;}">
        <Coords points="1220,2118 1422,2118 1425,2100 1422,2077 1222,2082 1223,2098"/>
        <Baseline points="1224,2099 1427,2102"/>
        <TextEquiv>
          <Unicode>ibi ⫲ ponit᷑</Unicode>
        </TextEquiv>
      </TextLine>
      <TextLine id="eSc_line_a0a5a39d" custom="structure {type:InterlinearLine:signe_de_renvoi;}">
        <Coords points="1446,2127 1520,2139 1523,2139 1526,2139 1571,2121 1574,2103 1570,2085 1447,2080 1449,2100"/>
        <Baseline points="1451,2102 1576,2104"/>
        <TextEquiv>
          <Unicode></Unicode>
        </TextEquiv>
      </TextLine>
      <TextLine id="eSc_line_28e17c81" custom="structure {type:InterlinearLine:gloss;}">
        <Coords points="1658,2124 1689,2132 1691,2132 1693,2132 1768,2122 1768,2104 1767,2085 1660,2088 1660,2104"/>
        <Baseline points="1660,2104 1768,2104"/>
        <TextEquiv>
          <Unicode>saltu</Unicode>
        </TextEquiv>
      </TextLine>
      <TextLine id="eSc_line_e50c8761" custom="structure {type:default;}">
        <Coords points="1430,2116 1412,2129 1363,2114 1016,2110 955,2100 864,2089 862,2089 860,2089 823,2099 807,2102 787,2099 736,2087 734,2087 684,2097 654,2102 462,2100 453,2095 431,2083 429,2083 403,2106 368,2093 356,2095 346,2093 310,2083 308,2083 306,2083 255,2091 233,2095 130,2091 130,2128 128,2152 981,2156 1005,2164 1024,2168 1026,2168 1042,2164 1065,2164 1096,2160 1104,2164 1111,2170 1113,2170 1120,2160 1872,2172 1885,2181 1888,2174 1931,2167 1948,2172 2012,2175 2086,2176 2214,2176 2216,2162 2214,2118 2049,2120 1860,2114 1845,2115 1686,2139 1667,2110 1622,2102 1620,2102 1618,2102 1600,2108 1586,2129 1469,2131 1458,2106 1446,2102 1436,2102"/>
        <Baseline points="130,2128 2216,2162"/>
        <TextEquiv>
          <Unicode>argum̃ti calcalationẽ conatur. Quo &amp;iã anno ratio saltus lunaris de quo insequentibus dice</Unicode>
        </TextEquiv>
      </TextLine>
      <TextLine id="eSc_line_2794c8dc" custom="structure {type:InterlinearLine:gloss;}">
        <Coords points="979,2161 949,2157 923,2161 884,2164 869,2159 841,2161 825,2149 813,2175 810,2192 1036,2195 1042,2181 1037,2166 1011,2156"/>
        <Baseline points="815,2176 1044,2182"/>
        <TextEquiv>
          <Unicode>s. ut ñ sit stabile</Unicode>
        </TextEquiv>
      </TextLine>
      <TextLine id="eSc_line_c516de16" custom="structure {type:default;}">
        <Coords points="1315,2148 1285,2148 1268,2145 1220,2145 1196,2145 1167,2145 1137,2145 1107,2145 1107,2181 1104,2207 1559,2207 1562,2192 1559,2154 1333,2148 1315,2148"/>
        <Baseline points="1110,2183 1563,2195"/>
        <TextEquiv>
          <Unicode>s. ita sicut nc̃ dicet᷑ impugnat</Unicode>
        </TextEquiv>
      </TextLine>
      <TextLine id="eSc_line_a05d7bbe" >
        <Coords points="1675,2195 1645,2198 1636,2187 1559,2184 1556,2192 1348,2190 1321,2187 1113,2184 1107,2175 1027,2175 1024,2181 935,2181 905,2178 816,2178 810,2169 133,2157 130,2231 394,2231 421,2249 576,2252 715,2240 739,2255 885,2237 896,2243 911,2258 1098,2261 1196,2258 1199,2255 1330,2255 1541,2249 1591,2255 1675,2255 1680,2267 1716,2273 1722,2273 1764,2255 1817,2273 2203,2258 2206,2234 2200,2198 2031,2195"/>
        <Baseline points="136,2204 284,2199 511,2212 793,2217 1148,2229 1263,2226 1989,2240 2208,2237"/>
        <TextEquiv>
          <Unicode>mus fidẽ eiusdem argum᷑ti impugnat Et enim ipsum argum̃tũ iuxta aegyptios a septẽbrio</Unicode>
        </TextEquiv>
      </TextLine>
      <TextLine id="eSc_line_b3da4e93" custom="structure {type:MarginalLine:gloss;}">
        <Coords points="1647,2178 1645,2195 1645,2219 2616,2219 2619,2192 2611,2167"/>
        <Baseline points="1648,2197 1656,2197 2621,2193"/>
        <TextEquiv>
          <Unicode>s. sicuti rustei cõputatores faciunt. a septẽbri ⫲ ĩcipiunt suos</Unicode>
        </TextEquiv>
      </TextLine>
      <TextLine id="eSc_line_33ff0c5e" custom="structure {type:InterlinearLine:gloss;}">
        <Coords points="781,2290 916,2281 918,2263 914,2239 856,2225 854,2225 779,2237 781,2265"/>
        <Baseline points="781,2265 918,2263"/>
        <TextEquiv>
          <Unicode>egiptios̃</Unicode>
        </TextEquiv>
      </TextLine>
      <TextLine id="eSc_line_c6fda9ac" custom="structure {type:InterlinearLine:gloss;}">
        <Coords points="1185,2235 1185,2259 1185,2275 1317,2275 1321,2275 1361,2290 1363,2290 1365,2290 1679,2275 1679,2259 1679,2255 1660,2235"/>
        <Baseline points="1185,2259 1679,2259"/>
        <TextEquiv>
          <Unicode>i. argum̃tũ cõputandȩ lunae.</Unicode>
        </TextEquiv>
      </TextLine>
      <TextLine id="eSc_line_0ac8b352" custom="structure {type:default;}">
        <Coords points="1915,2310 1795,2289 1432,2275 1217,2276 1062,2268 985,2265 940,2264 834,2275 726,2287 589,2257 543,2255 457,2234 338,2252 288,2231 157,2231 121,2246 118,2320 500,2314 623,2315 2188,2359 2194,2323 2115,2313 2085,2310"/>
        <Baseline points="122,2292 1881,2328 2197,2326"/>
        <TextEquiv>
          <Unicode>m̃se ubi principium ẽ anni eorũ inchoaueris . necesse ẽ ut luna iulii m̃sis eo anno. .xx uiiii</Unicode>
        </TextEquiv>
      </TextLine>
      <TextLine id="eSc_line_b4b53c60" custom="structure {type:InterlinearLine:gloss;}">
        <Coords points="1767,2302 1989,2308 1995,2276 1986,2265 1789,2265 1767,2279"/>
        <Baseline points="1770,2281 1996,2279"/>
        <TextEquiv>
          <Unicode>i. nono decimo</Unicode>
        </TextEquiv>
      </TextLine>
      <TextLine id="eSc_line_5f6e64d9" custom="structure {type:InterlinearLine:signe_de_renvoi;}">
        <Coords points="2028,2276 2016,2261 1998,2261 1998,2296 1998,2314 2078,2308 2078,2296 2078,2276 2058,2276"/>
        <Baseline points="2000,2297 2080,2297"/>
        <TextEquiv>
          <Unicode></Unicode>
        </TextEquiv>
      </TextLine>
      <TextLine id="eSc_line_55b084ef" >
        <Coords points="2129,2276 2099,2276 2099,2296 2096,2314 2135,2317 2141,2299 2138,2276 2129,2276"/>
        <Baseline points="2100,2298 2144,2302"/>
        <TextEquiv conf="0.903139740228653">
          <Unicode>em</Unicode>
        </TextEquiv>
      </TextLine>
      <TextLine id="eSc_line_3db4be30" custom="structure {type:InterlinearLine:gloss;}">
        <Coords points="500,2335 678,2354 680,2354 682,2354 759,2358 969,2360 1021,2357 1264,2365 1266,2350 1264,2324 500,2307 495,2324"/>
        <Baseline points="512,2328 741,2342 1266,2350"/>
        <TextEquiv>
          <Unicode>alit̃ quẽ xxuiiii. s. qui saltꝰ in isto m̃se sit in eo anno</Unicode>
        </TextEquiv>
      </TextLine>
      <TextLine id="eSc_line_719cab0c" >
        <Coords points="1612,2378 1571,2386 1556,2369 1540,2367 1522,2365 1482,2369 1389,2370 1365,2375 1336,2362 1306,2354 1267,2375 1008,2366 988,2352 881,2362 778,2373 702,2368 691,2338 660,2362 644,2341 133,2334 128,2394 595,2394 810,2405 856,2406 1389,2422 1716,2424 1716,2430 2179,2439 2185,2409 2176,2385 2021,2383 1895,2377 1881,2377 1869,2368 1862,2386 1792,2382 1774,2388 1759,2385 1741,2370 1716,2374"/>
        <Baseline points="147,2367 331,2375 681,2372 899,2394 1652,2395 1932,2403 2186,2412"/>
        <TextEquiv>
          <Unicode>dies ut numquã alias habeat. uno uidelic&amp; ratione. saltus amisso. &amp; ob id luna kalendarum</Unicode>
        </TextEquiv>
      </TextLine>
      <TextLine id="eSc_line_4d2addb3" custom="structure {type:InterlinearLine:gloss;}">
        <Coords points="1691,2326 1553,2326 1553,2354 1551,2381 1721,2372 1723,2360 1721,2326 1711,2326"/>
        <Baseline points="1553,2354 1723,2360"/>
        <TextEquiv>
          <Unicode>i. ꝓt̃ saltũ</Unicode>
        </TextEquiv>
      </TextLine>
      <TextLine id="eSc_line_dd923338" custom="structure {type:InterlinearLine:gloss;}">
        <Coords points="753,2406 711,2402 687,2398 632,2399 584,2385 566,2390 525,2392 482,2390 450,2398 217,2390 216,2412 214,2425 1085,2443 1089,2421 1084,2412"/>
        <Baseline points="217,2415 738,2415 1092,2423"/>
        <TextEquiv>
          <Unicode>s. illa luna q̃ minuit᷑ in iulio . cresc̃ lunã augꝰti in una etate.</Unicode>
        </TextEquiv>
      </TextLine>
      <TextLine id="eSc_line_8d93246c" custom="structure {type:InterlinearLine:gloss;}">
        <Coords points="1570,2425 1161,2419 1161,2429 1159,2449 1177,2459 1179,2459 1181,2459 1333,2449 1345,2459 1347,2459 1349,2459 1351,2459 1353,2459 1355,2459 1355,2457 1365,2447 1367,2447 1420,2447 1428,2447 1511,2461 1513,2461 1731,2447 1733,2433 1731,2411"/>
        <Baseline points="1161,2429 1733,2433"/>
        <TextEquiv>
          <Unicode>s. ꝓt̃ regulares xiiii ⁊ epactas xuiii.</Unicode>
        </TextEquiv>
      </TextLine>
      <TextLine id="eSc_line_1efedcca" custom="structure {type:default;}">
        <Coords points="1660,2433 1654,2461 1621,2461 1470,2469 1452,2455 1402,2441 1391,2452 1374,2452 1293,2448 1287,2454 1173,2463 1098,2431 1096,2431 1094,2431 1080,2435 1050,2445 920,2445 892,2431 890,2431 888,2431 884,2431 779,2441 664,2425 595,2428 430,2442 374,2445 346,2425 323,2431 290,2421 288,2421 286,2421 174,2427 118,2415 118,2466 116,2504 223,2506 225,2506 227,2506 229,2506 294,2486 373,2486 730,2488 803,2512 807,2512 809,2512 811,2512 813,2512 817,2512 876,2496 989,2514 999,2514 1113,2516 1115,2516 1117,2516 1121,2514 1143,2506 1256,2516 1290,2518 1292,2518 1313,2516 1440,2502 1521,2518 1533,2520 1535,2520 1570,2501 2127,2507 2187,2508 2194,2496 2194,2457 2130,2437 2128,2437 2095,2474 1889,2468 1850,2433 1756,2449 1745,2451 1733,2449 1687,2464 1662,2433"/>
        <Baseline points="118,2466 688,2466 939,2482 2194,2496"/>
        <TextEquiv>
          <Unicode>aug̃ tarũ tertia reddatur. q̃ iuxcta argum̃ti regula scđa computabatur. Si uero iuxta hoc</Unicode>
        </TextEquiv>
      </TextLine>
      <TextLine id="eSc_line_292bb0c8" custom="structure {type:MarginalLine:gloss;}">
        <Coords points="2034,2508 1848,2507 1846,2544 2140,2549 2144,2522 2142,2496 2134,2510"/>
        <Baseline points="1848,2520 2144,2522"/>
        <TextEquiv>
          <Unicode>s. sic̃ ⁊ apud egiptios</Unicode>
        </TextEquiv>
      </TextLine>
      <TextLine id="eSc_line_f6d57f8e" custom="structure {type:default;}">
        <Coords points="120,2563 908,2569 2230,2596 2213,2543 1439,2527 1047,2524 701,2509 124,2501 120,2546"/>
        <Baseline points="120,2546 757,2541 1885,2562 2221,2579"/>
        <TextEquiv>
          <Unicode>quod nos supra docuimꝰ a ianuario principium argumenti sumere mauis. eodem ordine luna</Unicode>
        </TextEquiv>
      </TextLine>
      <TextLine id="eSc_line_59d6209f" custom="structure {type:InterlinearLine:gloss;}">
        <Coords points="819,2543 789,2543 760,2543 730,2543 700,2543 671,2543 641,2543 611,2543 582,2543 552,2543 522,2543 492,2543 463,2543 433,2543 403,2543 374,2543 344,2543 314,2543 285,2543 255,2543 225,2543 196,2543 166,2543 136,2543 133,2537 77,2537 80,2578 80,2605 246,2602 258,2593 288,2590 317,2590 344,2590 377,2590 406,2593 436,2593 445,2602 837,2602 837,2575 831,2543 819,2543"/>
        <Baseline points="81,2579 601,2579 839,2578"/>
        <TextEquiv>
          <Unicode>s. in penultimo m̃se sit saltꝰ .. s. ꝓt̃ saltũ qui ibi fit</Unicode>
        </TextEquiv>
      </TextLine>
      <TextLine id="eSc_line_67619d3c" custom="structure {type:InterlinearLine:gloss;}">
        <Coords points="406,2581 377,2581 347,2581 317,2581 288,2581 258,2581 231,2581 231,2599 228,2611 454,2613 460,2599 454,2581 436,2581"/>
        <Baseline points="233,2601 344,2596 461,2602"/>
        <TextEquiv>
          <Unicode>non in ultimo.</Unicode>
        </TextEquiv>
      </TextLine>
      <TextLine id="eSc_line_468cadb8" custom="structure {type:InterlinearLine:gloss;}">
        <Coords points="1080,2613 1151,2623 1154,2623 1495,2605 1650,2629 1652,2629 1665,2625 1707,2615 1733,2627 1739,2599 1736,2585 1084,2569 1082,2593"/>
        <Baseline points="1082,2593 1739,2599"/>
        <TextEquiv>
          <Unicode>xxx ⫲ dies hab̶ semꝑ nouẽber nisi i. xxuiiii</Unicode>
        </TextEquiv>
      </TextLine>
      <TextLine id="eSc_line_5e288caf" custom="structure {type:default;}">
        <Coords points="113,2605 114,2631 117,2641 235,2640 761,2652 1040,2674 1092,2676 1094,2676 1139,2674 1309,2666 1339,2678 1343,2678 1345,2678 1347,2678 1349,2678 1351,2678 1379,2668 1533,2678 1535,2678 1636,2668 1667,2682 1669,2682 1671,2682 1673,2682 1679,2682 1731,2672 1804,2684 1814,2684 1816,2684 1842,2684 2028,2676 2071,2686 2077,2688 2079,2688 2081,2690 2241,2690 2243,2654 2237,2625 2115,2625 2113,2623 2069,2601 2067,2601 1913,2597 1911,2597 1633,2615 1532,2618 1446,2631 1442,2615 1410,2599 1408,2599 1406,2599 1404,2599 1359,2613 1357,2613 1011,2619 1003,2609 920,2585 918,2585 916,2585 914,2585 912,2613 802,2607 563,2611 535,2600 489,2594 445,2616 300,2613 292,2593 271,2613"/>
        <Baseline points="114,2631 726,2631 1066,2648 2210,2662 2243,2654"/>
        <TextEquiv>
          <Unicode>nouembri mensis unam amittit diem. &amp; pro xxx consu&amp;is. unde xxx solum diebus cogitur</Unicode>
        </TextEquiv>
      </TextLine>
      <TextLine id="eSc_line_47fc9a1d" custom="structure {type:InterlinearLine:gloss;}">
        <Coords points="1514,2596 1484,2596 1455,2596 1425,2596 1425,2611 1425,2622 1553,2635 1556,2614 1553,2596 1544,2596"/>
        <Baseline points="1427,2614 1559,2615"/>
        <TextEquiv>
          <Unicode>eo anno.</Unicode>
        </TextEquiv>
      </TextLine>
      <TextLine id="eSc_line_1c43f837" custom="structure {type:InterlinearLine:gloss;}">
        <Coords points="229,2662 231,2643 422,2648 424,2685 366,2690 362,2690 342,2680 243,2686 237,2686 227,2678"/>
        <Baseline points="229,2662 425,2665"/>
        <TextEquiv>
          <Unicode>sufficiens</Unicode>
        </TextEquiv>
      </TextLine>
      <TextLine id="eSc_line_7c7ca704" custom="structure {type:InterlinearLine:gloss;}">
        <Coords points="613,2649 615,2668 613,2680 490,2692 484,2692 484,2690 483,2690 485,2651"/>
        <Baseline points="483,2666 615,2668"/>
        <TextEquiv conf="0.9993753582239151">
          <Unicode>p̃ dicta</Unicode>
        </TextEquiv>
      </TextLine>
      <TextLine id="eSc_line_3531d87a" >
        <Coords points="469,2684 441,2691 223,2681 133,2662 130,2694 126,2719 176,2717 335,2719 368,2725 395,2725 446,2723 554,2733 570,2754 659,2744 662,2744 718,2741 748,2739 751,2739 781,2736 810,2736 902,2730 977,2736 988,2736 1018,2736 1027,2739 1205,2753 1300,2759 1303,2759 1424,2738 1813,2743 2194,2774 2224,2734 2220,2708 672,2676"/>
        <Baseline points="132,2696 426,2703 691,2694 1090,2721 1382,2721 1850,2731 1915,2729 2201,2732"/>
        <TextEquiv>
          <Unicode>eẽ contenta. Que profecto om̃a melius conloquendo quã scribendo docentur . Non aut̃ tran</Unicode>
        </TextEquiv>
      </TextLine>
      <TextLine id="eSc_line_b5079538" custom="structure {type:InterlinearLine:gloss;}">
        <Coords points="283,2720 158,2720 158,2738 156,2753 174,2763 176,2763 178,2763 330,2757 373,2767 375,2767 377,2767 484,2757 486,2743 487,2730 309,2723"/>
        <Baseline points="158,2738 486,2743"/>
        <TextEquiv>
          <Unicode>ñ debemꝰ  transire hoc</Unicode>
        </TextEquiv>
      </TextLine>
      <TextLine id="eSc_line_fa95a7f1" custom="structure {type:InterlinearLine:gloss;}">
        <Coords points="991,2730 754,2725 754,2741 751,2753 1017,2764 1167,2789 1229,2774 1232,2762 1235,2750"/>
        <Baseline points="757,2743 1016,2753 1044,2753 1234,2763"/>
        <TextEquiv>
          <Unicode>i. quomodo sit luna in kł quasq.</Unicode>
        </TextEquiv>
      </TextLine>
      <TextLine id="eSc_line_b52171cd" custom="structure {type:InterlinearLine:gloss;}">
        <Coords points="1606,2748 1434,2743 1434,2763 1434,2783 1844,2791 1846,2763 1858,2749"/>
        <Baseline points="1434,2763 1846,2763"/>
        <TextEquiv>
          <Unicode>s. sicuti rustici cõputatores</Unicode>
        </TextEquiv>
      </TextLine>
      <TextLine id="eSc_line_d646e497" custom="structure {type:default;}">
        <Coords points="110,2819 280,2830 282,2830 338,2821 381,2813 514,2813 575,2821 686,2834 688,2834 690,2834 714,2823 730,2815 1009,2815 1157,2823 1193,2825 1216,2840 1218,2840 1220,2840 1222,2840 1438,2827 1485,2840 1487,2840 1630,2842 1632,2842 1634,2842 1689,2829 1723,2844 1725,2844 1824,2846 1826,2846 1909,2832 1986,2846 1988,2846 2227,2827 2229,2809 2223,2769 2176,2781 2069,2767 2026,2761 2024,2761 2000,2765 1939,2779 1450,2777 1418,2759 1410,2755 1408,2755 1406,2755 1379,2757 1286,2769 1252,2757 1248,2755 1246,2755 1244,2755 1242,2755 1240,2757 1210,2773 1084,2782 896,2765 854,2751 852,2751 850,2751 848,2751 842,2751 803,2759 708,2749 696,2749 694,2749 692,2749 690,2749 658,2767 607,2749 603,2747 601,2747 595,2754 564,2774 403,2765 354,2771 346,2766 330,2745 328,2745 280,2757 112,2743 112,2789"/>
        <Baseline points="112,2789 894,2795 1596,2813 2229,2809"/>
        <TextEquiv>
          <Unicode>sitorie cõmemorandũ quod hoc argumentum a septembrio quidam incipiant. ponentes</Unicode>
        </TextEquiv>
      </TextLine>
      <TextLine id="eSc_line_ac58e1cb" custom="structure {type:InterlinearLine:signe_de_renvoi;}">
        <Coords points="439,2789 409,2789 380,2789 380,2822 380,2848 492,2845 492,2822 492,2789 469,2789"/>
        <Baseline points="381,2824 495,2823"/>
        <TextEquiv>
          <Unicode></Unicode>
        </TextEquiv>
      </TextLine>
      <TextLine id="eSc_line_d42c1a1d" custom="structure {type:default;}">
        <Coords points="112,2874 110,2892 280,2894 286,2896 383,2912 385,2912 498,2900 500,2900 611,2914 613,2916 682,2916 682,2914 684,2914 708,2902 716,2900 763,2900 773,2904 791,2914 793,2914 795,2914 955,2906 1066,2902 1141,2902 1153,2910 1171,2918 1173,2918 1175,2918 1220,2910 1242,2908 1357,2914 1541,2921 1543,2921 1578,2916 1624,2910 1719,2920 1776,2923 1778,2923 1822,2920 1897,2914 1921,2921 1927,2923 1929,2923 2212,2925 2216,2900 2212,2844 2053,2860 1986,2842 1966,2838 1964,2838 1962,2838 1960,2838 1948,2842 1911,2860 1790,2860 1713,2842 1677,2836 1675,2836 1626,2842 1529,2856 1383,2856 1347,2842 1323,2834 1321,2834 1319,2834 1317,2834 1295,2842 1272,2854 1106,2854 1080,2842 1048,2830 1046,2830 1044,2830 912,2842 882,2844 868,2842 801,2829 799,2829 797,2829 745,2842 736,2844 726,2842 676,2830 674,2830 672,2830 629,2842 611,2848 514,2848 498,2842 449,2827 447,2827 445,2827 443,2827 399,2842 385,2846 371,2842 320,2825 318,2825 164,2825 162,2825 160,2825 112,2840 112,2874"/>
        <Baseline points="112,2874 1080,2880 1307,2892 2216,2900"/>
        <TextEquiv>
          <Unicode>eidem septembrio regulares .u. octobrio .u. nouẽbrio. uii. decẽbrio. uii. C&amp;era ut su</Unicode>
        </TextEquiv>
      </TextLine>
    </TextRegion>
    <TextRegion id="eSc_textblock_3e24ad92"  custom="structure {type:MarginTextZone:outer;}">
      <Coords points="2274,437 2233,2913 2831,2887 2887,448"/>
      <TextLine id="eSc_line_19f42e08" custom="structure {type:InterlinearLine:gloss;}">
        <Coords points="2103,718 2105,735 2110,755 2631,765 2637,732 2631,697 2342,708 2311,712 2262,721"/>
        <Baseline points="2107,738 2639,735"/>
        <TextEquiv>
          <Unicode>i. pagina regularis ad lunã in signo.</Unicode>
        </TextEquiv>
      </TextLine>
      <TextLine id="eSc_line_375e0be8" custom="structure {type:InterlinearLine:gloss;}">
        <Coords points="2231,1630 2238,1663 2316,1677 2318,1677 2320,1677 2322,1677 2324,1677 2336,1675 2368,1665 2403,1675 2423,1681 2425,1681 2427,1681 2429,1681 2447,1675 2467,1672 2542,1677 2593,1681 2595,1681 2597,1681 2599,1681 2603,1679 2617,1667 2631,1679 2633,1679 2635,1679 2637,1679 2639,1679 2641,1679 2671,1667 2702,1679 2706,1649 2702,1618"/>
        <Baseline points="2255,1646 2706,1649"/>
        <TextEquiv>
          <Unicode>q̃ in martio ĩ ap̃. et in aprili finit᷑.</Unicode>
        </TextEquiv>
      </TextLine>
      <TextLine id="eSc_line_4ea82683" custom="structure {type:MarginalLine:gloss;}">
        <Coords points="2268,1682 2271,1715 2271,1741 2663,1735 2666,1706 2661,1667 2280,1667 2268,1682"/>
        <Baseline points="2274,1717 2667,1709"/>
        <TextEquiv>
          <Unicode>habundantia ⫲ unius diei</Unicode>
        </TextEquiv>
      </TextLine>
      <TextLine id="eSc_line_fc0e6f62" custom="structure {type:MarginalLine:gloss;}">
        <Coords points="2309,1780 2700,1790 2702,1756 2700,1715 2309,1721 2309,1756"/>
        <Baseline points="2309,1756 2702,1756"/>
        <TextEquiv>
          <Unicode>embolismi . fac̃ minorẽ ȩtatẽ</Unicode>
        </TextEquiv>
      </TextLine>
      <TextLine id="eSc_line_d7939519" custom="structure {type:default;}">
        <Coords points="2688,1709 2688,1727 2706,1727 2706,1709 2706,1685 2688,1685 2688,1709"/>
        <Baseline points="2688,1709 2706,1709"/>
        <TextEquiv>
          <Unicode>.</Unicode>
        </TextEquiv>
      </TextLine>
      <TextLine id="eSc_line_7f080496" custom="structure {type:MarginalLine:gloss;}">
        <Coords points="2295,1845 2522,1843 2522,1794 2518,1766 2293,1762 2295,1798"/>
        <Baseline points="2295,1798 2522,1794"/>
        <TextEquiv>
          <Unicode>lunȩ ĩ kł maii.</Unicode>
        </TextEquiv>
      </TextLine>
      <TextLine id="eSc_line_078f1136" custom="structure {type:MarginalLine:gloss;}">
        <Coords points="2025,2287 2096,2293 2181,2296 2191,2308 2194,2308 2631,2293 2634,2273 2625,2234 2328,2240 2190,2253 2014,2258 2022,2276"/>
        <Baseline points="2024,2279 2635,2275"/>
        <TextEquiv>
          <Unicode>s. dũ xxx debiusset a ianuario . illi ⫲ a</Unicode>
        </TextEquiv>
      </TextLine>
      <TextLine id="eSc_line_233efc11" custom="structure {type:MarginalLine:gloss;}">
        <Coords points="2583,2195 2554,2195 2524,2195 2494,2195 2465,2195 2435,2195 2405,2195 2375,2195 2346,2195 2316,2195 2286,2195 2257,2195 2227,2195 2227,2228 2224,2261 2628,2267 2634,2237 2631,2195 2613,2192 2613,2195"/>
        <Baseline points="2228,2230 2637,2238"/>
        <TextEquiv>
          <Unicode>regulares cõputare. dũ nos</Unicode>
        </TextEquiv>
      </TextLine>
      <TextLine id="eSc_line_48cb7b47" custom="structure {type:MarginalLine:gloss;}">
        <Coords points="2601,2276 2571,2276 2542,2276 2512,2276 2482,2276 2453,2276 2423,2276 2393,2276 2364,2276 2334,2276 2304,2276 2274,2276 2266,2276 2239,2282 2215,2317 2218,2323 2218,2347 2646,2356 2652,2320 2646,2273 2631,2273 2631,2276"/>
        <Baseline points="2219,2325 2653,2322"/>
        <TextEquiv>
          <Unicode>septẽber u. octob̶ .u. nouẽb̶</Unicode>
        </TextEquiv>
      </TextLine>
      <TextLine id="eSc_line_464bb5fe" custom="structure {type:MarginalLine:gloss;}">
        <Coords points="2218,2391 2704,2397 2706,2370 2702,2330 2665,2340 2615,2330 2601,2328 2599,2328 2597,2328 2593,2330 2574,2340 2218,2334 2218,2370"/>
        <Baseline points="2218,2370 2706,2370"/>
        <TextEquiv>
          <Unicode>uii. decẽber uii. Ianuãr uiiii.</Unicode>
        </TextEquiv>
      </TextLine>
      <TextLine id="eSc_line_82fe8a01" custom="structure {type:MarginalLine:gloss;}">
        <Coords points="2212,2451 2298,2436 2405,2451 2408,2409 2408,2374 2212,2371 2212,2409"/>
        <Baseline points="2215,2410 2409,2411"/>
        <TextEquiv>
          <Unicode>feƀr x rł.</Unicode>
        </TextEquiv>
      </TextLine>
      <TextLine id="eSc_line_f5780802" custom="structure {type:MarginalLine:gloss;}">
        <Coords points="2236,2569 2233,2602 2666,2593 2669,2572 2666,2483 2595,2483 2592,2483 2589,2483 2586,2483 2554,2507 2236,2498 2236,2569"/>
        <Baseline points="2238,2570 2671,2573"/>
        <TextEquiv>
          <Unicode>In kł decembris uii</Unicode>
        </TextEquiv>
      </TextLine>
      <TextLine id="eSc_line_3f11e5ce" custom="structure {type:MarginalLine:gloss;}">
        <Coords points="2271,2641 2271,2662 2455,2647 2465,2650 2483,2660 2485,2660 2487,2660 2631,2654 2633,2654 2686,2637 2686,2623 2680,2577 2589,2591 2267,2593 2271,2641"/>
        <Baseline points="2271,2641 2686,2623"/>
        <TextEquiv>
          <Unicode>incurrit. q̃ iuxta</Unicode>
        </TextEquiv>
      </TextLine>
      <TextLine id="eSc_line_f792e6d9" custom="structure {type:MarginalLine:gloss;}">
        <Coords points="2257,2684 2257,2710 2677,2696 2679,2680 2673,2637 2255,2648 2257,2684"/>
        <Baseline points="2257,2684 2679,2680"/>
        <TextEquiv>
          <Unicode>argom̃tũ .ui fieri</Unicode>
        </TextEquiv>
      </TextLine>
      <TextLine id="eSc_line_e2d87953" custom="structure {type:MarginalLine:gloss;}">
        <Coords points="2260,2730 2260,2771 2560,2747 2687,2765 2693,2721 2684,2682 2257,2688 2260,2730"/>
        <Baseline points="2262,2732 2696,2723"/>
        <TextEquiv>
          <Unicode>debuisse putabat᷑ . </Unicode>
        </TextEquiv>
      </TextLine>
      <TextLine id="eSc_line_2360ba09" custom="structure {type:MarginalLine:gloss;}">
        <Coords points="2611,2732 2609,2732 2607,2732 2605,2732 2586,2743 2584,2745 2570,2743 2500,2736 2498,2736 2398,2741 2396,2741 2394,2741 2394,2743 2388,2747 2382,2753 2247,2751 2251,2791 2251,2817 2655,2801 2655,2775 2653,2743 2613,2732 2611,2732"/>
        <Baseline points="2251,2791 2655,2775"/>
        <TextEquiv>
          <Unicode>nimirum luna</Unicode>
        </TextEquiv>
      </TextLine>
    </TextRegion>
    <TextRegion id="eSc_textblock_2d685af2"  custom="structure {type:NumberingZone:folio;}">
      <Coords points="2708,118 2708,287 2826,287 2826,118"/>
      <TextLine id="eSc_line_bdcde3e8" custom="structure {type:default;}">
        <Coords points="2762,205 2663,205 2663,255 2661,304 2770,304 2773,259 2772,215 2762,205"/>
        <Baseline points="2663,255 2773,259"/>
        <TextEquiv>
          <Unicode>30</Unicode>
        </TextEquiv>
      </TextLine>
    </TextRegion>
    <TextRegion id="eSc_textblock_092215c5"  custom="structure {type:MarginTextZone:lower;}">
      <Coords points="30,2890 30,3448 104,3500 449,3493 1897,3496 2820,3448 2831,2932"/>
      <TextLine id="eSc_line_5d891c68" custom="structure {type:InterlinearLine:signe_de_renvoi;}">
        <Coords points="55,2941 55,2971 91,2975 92,2941 92,2876 71,2876 55,2888"/>
        <Baseline points="55,2941 92,2941"/>
        <TextEquiv>
          <Unicode></Unicode>
        </TextEquiv>
      </TextLine>
      <TextLine id="eSc_line_3c70551d" custom="structure {type:MarginalLine:gloss;}">
        <Coords points="114,2959 296,2957 314,2963 326,2967 328,2967 330,2967 332,2967 342,2963 358,2957 468,2963 629,2973 631,2973 842,2965 908,2963 937,2965 1034,2975 1036,2975 1094,2965 1113,2963 1131,2965 1183,2977 1185,2977 1305,2969 1404,2979 1406,2979 1606,2967 1636,2967 1650,2967 1749,2981 1784,2970 1893,2969 1903,2969 1905,2969 1935,2983 1937,2983 1939,2983 2160,2969 2162,2957 2160,2923 2089,2910 2087,2910 2020,2920 2010,2921 1996,2920 1905,2904 1903,2904 1574,2914 1396,2918 1294,2914 1286,2908 1272,2900 1270,2900 1268,2900 1266,2900 1264,2900 1242,2908 1218,2916 1189,2906 1167,2900 1165,2900 1163,2900 1115,2906 1052,2914 999,2904 967,2898 965,2898 929,2902 862,2912 807,2900 801,2900 799,2900 791,2900 741,2908 724,2900 718,2896 716,2896 714,2896 696,2898 629,2912 567,2912 538,2896 534,2894 532,2894 530,2894 528,2894 524,2896 494,2912 373,2912 116,2890 116,2941"/>
        <Baseline points="116,2941 2162,2957"/>
        <TextEquiv>
          <Unicode>bisextꝰ sit semꝑ in iiii anno solaris cicli ⁊ ponit᷑ semꝑ in ui kł martii . ⁊ id eo bissextꝰ dr̃  ipso anno bis sit uͦi kł . qui annꝰ hab̶ ccc lxui dies.</Unicode>
        </TextEquiv>
      </TextLine>
      <TextLine id="eSc_line_68926a02" custom="structure {type:MarginalLine:gloss;}">
        <Coords points="900,2949 892,2951 850,2965 741,2965 449,2961 393,2947 375,2945 373,2945 356,2947 324,2953 314,2947 306,2943 300,2943 284,2943 259,2947 193,2957 122,2947 122,2989 122,3011 312,3003 530,3016 555,3016 557,3016 607,3016 1009,3011 1052,3020 1054,3020 1056,3020 1104,3011 1268,3024 1290,3024 1292,3024 1307,3024 1420,3014 1474,3026 1481,3026 1483,3026 1525,3026 1838,3018 2206,3032 2297,3026 2296,2995 1950,2985 1911,2972 1879,2982 1843,2978 1820,2971 1800,2982 1699,2978 1677,2986 1655,2988 1432,2986 1390,2987 1352,2976 1339,2969 1268,2959 1266,2959 1149,2967 1123,2953 1119,2951 1117,2951 1115,2951 1102,2953 1024,2965 943,2951 927,2949 914,2949"/>
        <Baseline points="122,2989 312,2983 674,2999 1169,2993 2274,3009"/>
        <TextEquiv>
          <Unicode>saltus aut̃ lunȩ sit in ultimo anno decẽnouenał cicli in penultimo m̃se ipsius anni i. in nouembri. Qui annꝰ ñ hab̵ nisi cccliii sibi sexti</Unicode>
        </TextEquiv>
      </TextLine>
      <TextLine id="eSc_line_a76f6446" custom="structure {type:InterlinearLine:gloss;}">
        <Coords points="1624,2952 1594,2952 1565,2952 1535,2952 1505,2952 1476,2952 1446,2952 1446,2979 1446,2991 1476,2991 1505,2991 1535,2991 1565,2991 1594,2994 1624,2994 1654,2994 1677,2994 1677,2979 1677,2952 1654,2952"/>
        <Baseline points="1448,2980 1678,2982"/>
        <TextEquiv>
          <Unicode>uii kł decembris.</Unicode>
        </TextEquiv>
      </TextLine>
      <TextLine id="eSc_line_a579bf52" custom="structure {type:InterlinearLine:gloss;}">
        <Coords points="2114,2955 2084,2955 2084,2979 2084,2997 2162,2994 2162,2979 2159,2928 2156,2928 2144,2955"/>
        <Baseline points="2086,2982 2165,2982"/>
        <TextEquiv>
          <Unicode>.dies.</Unicode>
        </TextEquiv>
      </TextLine>
      <TextLine id="eSc_line_db0ea096" custom="structure {type:MarginalLine:gloss;}">
        <Coords points="2402,3013 1731,3020 1707,3011 1705,3011 1703,3011 1576,3014 1563,3009 1553,3001 1551,3001 1549,3001 1547,3001 1493,3009 1454,3013 1442,3007 1428,3001 1426,3001 1319,2999 1317,2999 1315,2999 1299,3007 1292,3011 1250,3007 1155,2997 1153,2997 1090,3007 1042,3013 1030,3007 1016,2999 1015,2999 975,2997 973,2997 953,2997 933,2997 924,2997 900,3005 880,3011 860,3005 836,2997 834,2999 815,2999 785,3005 761,3009 718,3005 664,2999 662,2999 583,3005 532,3007 518,3003 476,2991 474,2991 472,2991 409,3003 397,3005 385,3003 314,2987 312,2987 122,3001 122,3034 120,3048 2402,3080 2405,3058 2403,3020 2402,3013"/>
        <Baseline points="122,3034 352,3028 538,3038 1337,3038 2405,3058"/>
        <TextEquiv>
          <Unicode>annꝰ ñ fuerit. et qñ saltꝰ ẽ. necesse ẽ habere tres parit̃ m̃ses xxuiiii dies. embolismꝰ m̃sis ĩ t̃tio anno semꝑ ponit᷑ excepto ĩ fine egduas ⁊ endecadis.</Unicode>
        </TextEquiv>
      </TextLine>
      <TextLine id="eSc_line_ef915333" custom="structure {type:MarginalLine:gloss;}">
        <Coords points="1764,3048 1511,3056 1424,3058 1408,3054 1369,3046 1367,3046 1307,3054 1272,3058 1254,3054 1224,3044 1222,3044 1220,3044 1100,3052 1048,3054 947,3050 769,3042 767,3042 716,3048 654,3054 577,3046 518,3040 516,3040 482,3044 437,3052 358,3044 300,3038 298,3038 255,3042 187,3050 122,3042 122,3078 122,3109 364,3096 468,3096 496,3111 502,3113 504,3113 506,3113 558,3103 637,3100 836,3109 838,3109 920,3100 985,3111 1016,3117 1018,3117 1050,3111 1108,3102 1167,3111 1169,3111 1171,3111 1191,3102 1218,3111 1236,3119 1238,3119 1240,3119 1282,3113 1337,3104 1390,3113 1422,3117 1424,3117 1426,3117 1438,3113 1462,3104 1533,3113 1543,3113 1545,3113 1561,3113 1654,3105 1727,3113 1820,3123 1822,3123 2368,3113 2370,3096 2368,3066 1806,3064 1796,3058 1768,3048 1766,3048"/>
        <Baseline points="122,3078 1525,3088 1899,3104 2370,3096"/>
        <TextEquiv>
          <Unicode>ibi ⫲ ĩ scđo anno ponit᷑. st̃ ⫲ uii embolismi m̃ses . st̃ semꝑ xex dier̃. ⁊ faciunt semꝑ annũ embolismũ habere ccc lxxxiiii  dies. et fac̃ embo</Unicode>
        </TextEquiv>
      </TextLine>
      <TextLine id="eSc_line_09ffc613" custom="structure {type:MarginalLine:gloss;}">
        <Coords points="985,3086 943,3098 910,3084 894,3084 874,3084 866,3084 850,3098 753,3086 751,3086 749,3086 747,3086 745,3086 745,3088 734,3100 631,3100 343,3095 115,3101 124,3121 122,3145 201,3161 203,3161 277,3147 364,3147 377,3159 377,3161 379,3161 381,3161 383,3161 385,3161 441,3147 492,3171 494,3171 496,3171 565,3159 581,3171 583,3171 585,3171 587,3173 670,3173 670,3171 672,3171 674,3171 688,3161 827,3171 829,3171 1007,3145 1009,3131 1001,3086 993,3086"/>
        <Baseline points="124,3121 478,3125 631,3139 1009,3131"/>
        <TextEquiv>
          <Unicode>lismꝰ duos m̃ses hobere semꝑ xxx dies .i. xxx lunã</Unicode>
        </TextEquiv>
      </TextLine>
      <TextLine id="eSc_line_f98e9ccb" custom="structure {type:InterlinearLine:signe_de_renvoi;}">
        <Coords points="29,3154 17,3187 95,3190 100,3175 101,3143 47,3104 32,3142"/>
        <Baseline points="31,3156 101,3176"/>
        <TextEquiv>
          <Unicode></Unicode>
        </TextEquiv>
      </TextLine>
      <TextLine id="eSc_line_22eda2f8" custom="structure {type:MarginalLine:gloss;}">
        <Coords points="83,3234 445,3222 546,3240 941,3225 980,3243 988,3243 1018,3228 1119,3243 1202,3228 1262,3243 1330,3228 1351,3223 2729,3240 2732,3222 2729,3178 2539,3157 2491,3172 2482,3178 2295,3178 2159,3151 1992,3166 1738,3182 1547,3169 1372,3145 1238,3157 1179,3166 678,3177 596,3185 516,3184 457,3170 393,3180 83,3188 83,3210"/>
        <Baseline points="84,3211 417,3202 611,3218 773,3218 1050,3202 1373,3212 2734,3223"/>
        <TextEquiv>
          <Unicode>Egiptii ⫲ ĩ suo penultimo m̃se i. ĩ iulio. dũ a septẽbri annũ ĩcipiunt . ponunt saltũ . sicuti nos ĩ penultimo nr̃o facimꝰ. i. ĩ nouẽbri. ⁊  ideo ĩ xuiiii anno qñ saltũ faciunt</Unicode>
        </TextEquiv>
      </TextLine>
      <TextLine id="eSc_line_27a6ecc1" >
        <Coords points="490,3207 460,3207 430,3204 430,3228 427,3237 490,3237 492,3231 490,3207 490,3207"/>
        <Baseline points="433,3229 495,3232"/>
        <TextEquiv>
          <Unicode>ma</Unicode>
        </TextEquiv>
      </TextLine>
      <TextLine id="eSc_line_564506d6" custom="structure {type:MarginalLine:gloss;}">
        <Coords points="1199,3237 1179,3216 784,3216 757,3219 727,3219 697,3219 668,3219 638,3219 608,3219 579,3216 570,3213 510,3213 490,3231 460,3231 430,3231 409,3213 74,3213 74,3255 74,3279 2206,3279 2773,3296 2779,3264 2776,3225 1217,3216 1199,3237"/>
        <Baseline points="75,3258 375,3254 858,3266 1014,3256 1901,3252 2780,3265"/>
        <TextEquiv>
          <Unicode>ñ ascenđ luna iulii xxx una luna uidelicet ↄn saltꝰ amissa . sꝰxxuiiii. ⁊ obid luna kłr augustar̃ t̃tia reddit᷑ q̃ iuxta argum̃tu scđã cõputatur iii ⫲kł</Unicode>
        </TextEquiv>
      </TextLine>
      <TextLine id="eSc_line_1df4738c" >
        <Coords points="1193,3207 1193,3234 1193,3249 1220,3249 1220,3234 1220,3207 1193,3207"/>
        <Baseline points="1196,3236 1223,3236"/>
        <TextEquiv>
          <Unicode>a</Unicode>
        </TextEquiv>
      </TextLine>
      <TextLine id="eSc_line_18bf6cd3" custom="structure {type:MarginalLine:gloss;}">
        <Coords points="797,3289 707,3289 673,3294 586,3290 379,3271 73,3280 77,3310 225,3331 354,3315 506,3315 536,3329 538,3329 540,3329 912,3327 914,3327 963,3313 1454,3325 1456,3325 1551,3311 1749,3311 1774,3325 1776,3325 1778,3325 1780,3325 1782,3325 1784,3325 1808,3309 1863,3309 1901,3323 1903,3323 1905,3323 1966,3309 2409,3321 2803,3328 2791,3272 921,3278 876,3293"/>
        <Baseline points="91,3306 516,3299 700,3309 1032,3299 2062,3287 2788,3313"/>
        <TextEquiv>
          <Unicode>augꝰti ap̃ illos saltꝰ ponitur i. prima luna. loco xxx . ⁊ d euenit iii lune ĩ kł augꝰti ipso anno. Nos uͦ ponimꝰ saltũ ĩ uii kł decẽbris. i. pͥma luna loco xxx  ⁊ dec</Unicode>
        </TextEquiv>
      </TextLine>
      <TextLine id="eSc_line_ec3bb321" >
        <Coords points="98,3305 95,3326 83,3382 98,3382 106,3344 112,3329 112,3305 98,3305"/>
        <Baseline points="97,3329 113,3330"/>
        <TextEquiv>
          <Unicode>a</Unicode>
        </TextEquiv>
      </TextLine>
      <TextLine id="eSc_line_44490670" custom="structure {type:MarginalLine:gloss;}">
        <Coords points="235,3382 237,3382 239,3382 239,3380 251,3371 286,3380 288,3380 290,3380 292,3380 294,3380 312,3367 324,3377 326,3377 328,3377 330,3377 395,3365 480,3378 488,3378 490,3378 498,3378 577,3363 595,3377 601,3347 599,3315 293,3327 112,3337 82,3335 71,3377 98,3384"/>
        <Baseline points="98,3353 373,3343 601,3347"/>
        <TextEquiv>
          <Unicode>uii luna ĩ kł decẽbris ipso anno.</Unicode>
        </TextEquiv>
      </TextLine>
      <TextLine id="eSc_line_3526f322" custom="structure {type:MarginalLine:gloss;}">
        <Coords points="1899,3307 1828,3297 1826,3297 1824,3297 1786,3309 1782,3309 1755,3309 1523,3299 1521,3299 1519,3299 1493,3309 1493,3311 1485,3311 1339,3311 1307,3299 1305,3299 1303,3299 1301,3299 1282,3309 1125,3301 1123,3301 1121,3301 1082,3311 1042,3301 1040,3301 1038,3301 1036,3301 1006,3321 623,3325 629,3366 678,3371 2295,3359 2297,3337 2295,3307 1966,3297 1964,3297"/>
        <Baseline points="642,3350 1456,3343 1561,3335 2297,3337"/>
        <TextEquiv>
          <Unicode>⁊ ab augusto usa. ad decẽbrẽ discordamꝰ nos qͦ ñ fecim̃ saltũ ⁊ li qͥ facer. et ibi uenĩmus ad unã c̃cordiã .</Unicode>
        </TextEquiv>
      </TextLine>
    </TextRegion>
  </Page>
</PcGts>
