<mets xmlns="http://www.loc.gov/METS/" xmlns:xlink="http://www.w3.org/1999/xlink">
  <fileSec>
    
    <fileGrp USE="image">
      
        <file ID="image1">
          <FLocat xlink:href="44_2d451_default.jpg"/>
        </file>
      
        <file ID="image2">
          <FLocat xlink:href="45_3ac3c_default.jpg"/>
        </file>
      
        <file ID="image3">
          <FLocat xlink:href="46_e8a51_default.jpg"/>
        </file>
      
        <file ID="image4">
          <FLocat xlink:href="47_3fcd7_default.jpg"/>
        </file>
      
        <file ID="image5">
          <FLocat xlink:href="61_73f73_default.jpg"/>
        </file>
        
        <file ID="image6">
          <FLocat xlink:href="62_beb42_default.jpg"/>
        </file>
        
        <file ID="image7">
          <FLocat xlink:href="63_75c50_default.jpg"/>
        </file>
        
        <file ID="image8">
          <FLocat xlink:href="64_92296_default.jpg"/>
        </file>
      
    </fileGrp>
    
    <fileGrp USE="export">
      
        <file ID="export1">
          <FLocat xlink:href="44_2d451_default.xml"/>
        </file>
      
        <file ID="export2">
          <FLocat xlink:href="45_3ac3c_default.xml"/>
        </file>
      
        <file ID="export3">
          <FLocat xlink:href="46_e8a51_default.xml"/>
        </file>
      
        <file ID="export4">
          <FLocat xlink:href="47_3fcd7_default.xml"/>
        </file>
      
        <file ID="export5">
          <FLocat xlink:href="61_73f73_default.xml"/>
        </file>
        
        <file ID="export6">
          <FLocat xlink:href="62_beb42_default.xml"/>
        </file>
        
        <file ID="export7">
          <FLocat xlink:href="63_75c50_default.xml"/>
        </file>
        
        <file ID="export8">
          <FLocat xlink:href="64_92296_default.xml"/>
        </file>
      
    </fileGrp>
  </fileSec>
  <structMap TYPE="physical">
    <div TYPE="document">
      
      <div TYPE="page">
        <fptr FILEID="image1"/>
        <fptr FILEID="export1"/>
      </div>
      
      <div TYPE="page">
        <fptr FILEID="image2"/>
        <fptr FILEID="export2"/>
      </div>
      
      <div TYPE="page">
        <fptr FILEID="image3"/>
        <fptr FILEID="export3"/>
      </div>
      
      <div TYPE="page">
        <fptr FILEID="image4"/>
        <fptr FILEID="export4"/>
      </div>
      
      <div TYPE="page">
        <fptr FILEID="image5"/>
        <fptr FILEID="export5"/>
      </div>
      
      <div TYPE="page">
        <fptr FILEID="image6"/>
        <fptr FILEID="export6"/>
      </div>
      
      <div TYPE="page">
        <fptr FILEID="image7"/>
        <fptr FILEID="export7"/>
      </div>
      
      <div TYPE="page">
        <fptr FILEID="image8"/>
        <fptr FILEID="export8"/>
      </div>
      
    </div>
  </structMap>
</mets>
